Frame,GID_1,GID_1 PlotX,GID_1 PlotY,GID_1 G3DX,GID_1 G3DY,GID_1 G3DZ,GID_1 Label,GID_2,GID_2 PlotX,GID_2 PlotY,GID_2 G3DX,GID_2 G3DY,GID_2 G3DZ,GID_2 Label
491,5,750,979,-1199.3602600000004,-1767.32413,1391.8847994220614,OID12,10,953,530,833.34553,1904.4813199999999,1640.9023614391076,PID1
493,5,755,970,-1150.9201700000003,-1689.607546666667,1467.1044241543332,OID12,10,953,532,827.86115,1885.6465766666665,1633.3931523673514,PID1
495,5,759,964,-1111.2908699999998,-1644.928486666667,1449.4231959577583,OID12,10,954,535,842.76498,1866.3911133333334,1624.5336448525636,PID1
497,5,763,956,-1071.02664,-1574.690066666667,1380.4519672229537,OID12,10,956,536,858.11896,1855.044043333333,1612.1994807642939,PID1
499,5,768,948,-1019.7863299999999,-1511.75098,1394.5496391120655,OID12,10,957,539,874.00234,1834.77927,1602.44225873331,PID1
501,5,773,938,-968.1350400000001,-1431.9636866666667,1452.020085505822,OID12,10,956,541,860.18198,1814.0057766666664,1594.8612463656898,PID1
503,5,1847,1264,9769.989669999999,-4100.3521433333335,819.5084141073062,Wall,10,958,543,876.52474,1801.1113066666667,1576.4379587441597,PID1
505,5,1844,1113,9736.77106,-2866.40434,1359.2513634370657,Wall,10,959,544,893.11484,1787.7531866666664,1564.8660447939844,PID1
507,5,1840,1089,9696.550220000001,-2667.4874,1370.802306487053,Wall,10,961,547,910.0929,1765.6380433333331,1539.917751681231,PID1
509,5,1848,1056,9775.97143,-2392.9247,1416.560665474436,Wall,10,963,549,927.42705,1751.4476333333334,1525.086622970352,PID1
511,5,1842,1036,9715.482530000001,-2235.092466666667,1346.197285856908,Wall,10,965,551,945.01564,1737.009213333333,1511.5745317593457,PID1
563,5,831,756,-388.5575399999998,53.431,661.5586928365592,PID2,10,1113,595,2434.75625,1371.5831566666666,414.0801683308209,OID5
565,5,805,787,-653.2059399999998,-198.73143,830.8894174979844,PID2,10,1127,598,2566.59371,1352.6291299999998,296.91111127429735,OID5
567,5,807,792,-630.64644,-241.02383666666668,874.8559199665516,PID2,10,1140,598,2698.7015,1350.5226899999998,153.0412381275703,OID5
569,5,800,798,-698.6746699999999,-284.02649333333335,901.8104903506287,PID2,10,1164,600,2941.0856400000002,1332.0244133333333,0.1,Floor
571,5,593,856,-2767.26989,-760.9077933333334,0.1,Floor,10,1155,601,2853.67626,1322.1211899999998,8.951940132194068,OID5
573,5,803,815,-665.9995600000002,-421.2923366666667,932.5700504955718,PID2,10,1160,595,2896.42421,1370.77502,0.1,Floor
703,5,934,890,635.48803,-1038.3434966666669,630.4285227119135,PID6,10,1418,606,5476.27946,1287.31581,0.1,Floor
705,5,935,896,647.9308999999998,-1090.7297966666667,620.4411480134306,PID6,10,1429,616,5589.68163,1205.8605566666665,0.1,Floor
707,5,925,899,550.4136100000001,-1110.2773633333336,665.3190120716768,PID6,10,1431,615,5612.102080000001,1207.0224566666666,0.1,Floor
709,5,929,898,592.9108900000001,-1105.28494,642.4629506352783,PID6,10,1439,629,5693.7166799999995,1098.9592933333333,0.1,Floor
711,5,919,902,485.29934000000003,-1133.87174,685.6566153823528,PID6,10,1441,629,5714.895640000001,1098.3960233333332,0.1,Floor
731,5,996,885,1262.71841,-997.39333,0.1,Floor,10,1357,597,4865.04177,1358.5560266666666,0.1,Floor
733,5,1000,878,1304.25871,-937.3127833333335,0.1,Floor,10,1359,597,4885.82778,1356.0495166666665,0.1,Floor
735,5,992,877,1215.20739,-934.65083,0.1,Floor,10,1352,594,4816.9618900000005,1378.6744366666667,0.1,Floor
737,5,1023,885,1526.53318,-997.2531333333335,0.1,Floor,10,1354,599,4838.11622,1342.5723133333333,0.1,Floor
755,5,1071,900,2012.04314,-1118.06897,0.1,Floor,10,1370,615,5003.134529999999,1211.5530533333333,0.1,Floor
819,5,1232,869,3622.4085299999997,-867.9212666666667,0.1,Floor,10,1294,536,4238.99204,1858.48116,1716.258144917278,OID6
829,5,1221,869,3512.62384,-863.2038033333336,0.1,Floor,10,1303,541,4327.10348,1815.23522,1725.4658699946733,OID6
831,5,1207,898,3365.35684,-1106.43083,0.1,Floor,10,1305,543,4345.23542,1799.6200066666668,1726.54595748867,OID6
833,5,1131,871,2608.24098,-884.3646,0.1,Floor,10,1307,545,4373.88181,1783.3261533333332,1723.3497724632025,OID6
835,5,1309,869,4391.65964,-871.0228033333335,0.1,Floor,10,1309,548,4393.34323,1758.0175566666667,1729.4801332696966,OID6
837,5,1274,850,4035.3021900000003,-708.3991666666667,0.1,Floor,10,1312,544,4423.42916,1790.3434033333333,1727.0740937462465,OID6
2537,5,837,875,-334.10611000000017,-918.25718,0.1,Floor,10,613,921,-2565.05587,-1295.11914,1277.5880074999936,PID1
2538,5,829,885,-405.71475999999984,-994.46882,0.1,Floor,10,612,926,-2584.60018,-1334.9985633333335,1272.6825784190278,PID1
2539,5,837,880,-327.34767999999985,-954.1019733333335,0.1,Floor,10,491,937,-3794.19635,-1424.7618066666666,842.1247980462838,PID7
2540,5,824,881,-458.83901000000014,-963.9979566666669,0.1,Floor,10,600,926,-2703.60404,-1330.8063566666667,1236.9730945710087,PID1
2541,5,827,889,-430.27525000000014,-1032.4609733333336,0.1,Floor,10,599,926,-2712.95354,-1336.4885166666668,1232.2062495615146,PID1
2542,5,826,889,-441.71887000000015,-1034.3909233333334,0.1,Floor,10,478,940,-3922.141,-1450.19295,800.4948474580635,PID7
2543,5,821,882,-493.09065999999984,-969.720786666667,0.1,Floor,10,250,976,-6201.20974,-1738.5576733333335,0.1,Floor
2544,5,820,882,-504.5545900000002,-971.8519766666669,0.1,Floor,10,251,989,-6190.19001,-1851.6583666666668,0.1,Floor
2545,5,817,899,-525.96162,-1115.7245633333334,0.1,Floor,10,248,977,-6219.25843,-1747.7028633333334,0.1,Floor
2671,5,757,906,-1130.19557,-1172.689776666667,0.1,Floor,10,40,950,-8298.06098,-1525.49651,0.1,Floor
2679,5,754,1067,-1155.95183,-2488.748516666667,0.1,Floor,10,1,964,-8687.33335,-1641.6492233333333,1466.95850850055,Wall
2681,5,771,1030,-990.2339099999999,-2185.543483333334,0.1,Floor,10,1,968,-8688.47492,-1676.7224966666668,1520.0560882943273,Wall
2731,5,717,736,-1534.5691299999999,220.30242666666666,0.1,Floor,10,1,823,-8688.66573,-488.06278,6607.900345218273,Wall
2733,5,715,716,-1547.91064,385.3274133333333,0.1,Floor,10,1,832,-8687.82746,-562.0370866666665,6633.109544388684,Wall
2735,5,713,697,-1571.23982,542.3074966666667,0.1,Floor,10,1,849,-8685.5425,-701.04052,6631.475756080585,Wall
2749,5,728,776,-1421.44687,-104.91082333333338,789.7263660425897,OID12,10,1,932,-8693.752410000001,-1379.7504933333332,6664.413598640791,Wall
2751,5,725,776,-1446.57131,-102.60927333333336,743.305101050272,OID12,10,1,941,-8685.03392,-1453.00499,6622.6523361282425,Wall
2753,5,583,793,-2872.00569,-241.7495,0.1,Floor,10,1,951,-8686.42988,-1534.8684,6605.6927179400645,Wall
2755,5,608,712,-2617.5142,419.3285433333333,0.1,Floor,10,1,960,-8688.03712,-1608.6655766666668,6556.377474611641,Wall
2763,5,648,701,-2220.84704,504.9989033333334,0.1,Floor,10,1,1000,-8685.84713,-1941.1366466666668,6541.149444358336,Wall
2765,5,625,699,-2447.0888,524.20904,0.1,Floor,10,1,1007,-8688.64373,-1992.1180333333332,6528.617690307205,Wall
2767,5,622,723,-2483.66677,326.28283,0.1,Floor,10,1,1001,-8692.05694,-1942.93268,6509.249693780463,Wall
4288,5,1847,714,9769.75482,398.0233733333334,182.9931688700167,Wall,10,773,485,-972.8664800000001,2271.37628,391.3484497131715,OID9
4296,5,1847,759,9772.04859,32.40603666666668,254.3205109085609,Wall,10,670,518,-1996.56732,2001.74174,0.1,Floor
4298,5,1840,768,9704.78322,-43.01614333333333,312.3446212761187,Wall,10,668,514,-2015.55296,2033.003686666667,0.1,Floor
4300,5,1842,786,9717.34066,-185.91911,423.4414810405401,Wall,10,667,500,-2025.1725900000001,2147.969766666667,0.1,Floor
4302,5,1844,795,9739.95959,-262.95176,367.07181525555825,Wall,10,650,488,-2204.83561,2246.57933,0.1,Floor
4304,5,1107,839,2372.2761499999997,-623.3561633333334,0.1,Floor,10,649,484,-2214.37655,2278.698616666667,0.1,Floor
4306,5,1109,840,2394.73503,-626.1698633333334,0.1,Floor,10,642,467,-2283.69413,2419.275516666667,0.1,Floor
4328,5,1114,899,2439.4718700000003,-1111.93969,0.1,Floor,10,704,298,-1656.59028,3800.982646666667,751.1138006252306,Wall
4330,5,1127,894,2573.42055,-1073.4979933333334,0.1,Floor,10,705,294,-1646.2031299999999,3835.311313333334,730.7928439959542,Wall
4334,5,1134,887,2642.53076,-1011.4846966666668,0.1,Floor,10,693,284,-1766.1646,3914.02982,727.2357312671631,Wall
4336,5,1147,890,2767.48956,-1037.3727766666668,0.1,Floor,10,692,280,-1775.82548,3949.317116666667,678.4585360976218,Wall
4338,5,1161,884,2912.62448,-987.3708666666668,0.1,Floor,10,690,275,-1795.2053099999998,3992.826326666667,605.9664456637215,Wall
4344,5,1122,862,2524.66011,-807.0783566666668,0.1,Floor,10,700,261,-1702.7968799999999,4109.04651,515.7550404482502,Wall
4360,5,1164,823,2936.29727,-488.67435333333333,0.1,Floor,10,616,484,-2542.8197,2278.6230433333335,0.1,Floor
4362,5,1158,770,2879.23361,-57.814693333333324,0.1,Floor,10,617,482,-2528.89638,2294.4933433333335,0.1,Floor
4364,5,1170,769,3001.78093,-51.331203333333335,0.1,Floor,10,624,482,-2463.80911,2299.94251,0.1,Floor
4384,5,1349,904,4789.8338,-1153.0234566666668,0.1,Floor,10,983,188,1126.87356,4706.0493,0.1,Floor
4386,5,1352,901,4822.70875,-1128.32336,0.1,Floor,10,974,203,1042.9200999999998,4578.170123333334,0.1,Floor
4388,5,1343,905,4734.77521,-1162.6551166666668,0.1,Floor,10,967,209,969.3980000000001,4533.83187,0.1,Floor
4390,5,1344,906,4736.89461,-1172.4845533333335,0.1,Floor,10,950,230,796.2746400000001,4356.1492333333335,0.1,Floor
4392,5,1338,895,4679.53688,-1082.67032,0.1,Floor,10,953,268,833.6681100000001,4045.136233333334,0.1,Floor
4394,5,1258,898,3882.8469999999998,-1101.97065,249.52561912009492,OID6,10,956,283,861.7767800000001,3925.25221,0.1,Floor
4396,5,1304,893,4335.95237,-1063.6244766666669,0.1,Floor,10,951,288,809.2162800000001,3881.479366666667,0.1,Floor
4398,5,1295,885,4248.82851,-1001.2203433333335,0.1,Floor,10,947,294,767.2428500000001,3836.745733333334,0.1,Floor
4400,5,1294,895,4241.37804,-1081.2002666666667,6.784208286299645,OID6,10,942,316,715.0979299999999,3658.489606666667,0.1,Floor
4402,5,1262,893,3923.62918,-1061.63008,56.78061727072668,OID6,10,952,321,823.05924,3613.605743333334,0.1,Floor
4404,5,1432,922,5615.39569,-1300.427266666667,0.1,Floor,10,952,305,821.50171,3744.05841,0.1,Floor
4406,5,1449,923,5787.17903,-1306.44873,33.58409686374944,PID2,10,960,280,899.9399400000002,3949.741546666667,0.1,Floor
4408,5,1797,952,9268.4357,-1545.650076666667,0.1,Floor,10,969,271,988.1770900000001,4022.33395,0.1,Floor
4410,5,1775,947,9049.8441,-1501.90448,0.1,Floor,10,985,254,1146.3962700000002,4160.74455,0.1,Floor
4412,5,1447,912,5771.60872,-1217.0075166666668,0.1,Floor,10,997,221,1272.89545,4433.125523333334,0.1,Floor
4414,5,1482,902,6123.32031,-1140.4087266666668,0.1,Floor,10,1013,204,1428.4989799999998,4571.142083333334,0.1,Floor
4436,5,1270,757,3997.70005,49.34877666666667,0.1,Floor,10,891,99,206.2215000000001,5430.773946666667,57.27238123238453,Wall
4438,5,1262,769,3920.64858,-46.8645,0.1,Floor,10,809,166,-613.59382,4886.341443333334,0.1,Floor
4440,5,1254,775,3844.50125,-94.27313666666669,0.1,Floor,10,939,93,686.6832100000001,5483.844156666667,443.76449133147435,Wall
4442,5,1246,786,3758.5951999999997,-184.06306,0.1,Floor,10,943,89,727.44398,5515.565643333334,410.62988703945916,Wall
4444,5,1249,790,3792.94412,-223.77579333333338,0.1,Floor,10,951,85,808.03244,5547.06671,352.0779393300181,Wall
4480,5,1281,901,4106.09163,-1124.9253633333335,178.41281360612243,OID6,10,1377,18,5071.51551,6094.5679199999995,1786.8130169999133,Wall
4482,5,1295,901,4249.94787,-1129.9866166666668,104.00798980458535,OID6,10,1389,43,5194.00599,5888.191683333334,1822.8476311336979,OID7
4484,5,1318,900,4483.79816,-1117.9617533333335,0.1,Floor,10,1389,57,5187.12156,5772.9785833333335,1881.7807297446473,OID7
4488,5,1314,895,4440.79852,-1075.89769,0.1,Floor,10,698,573,-1715.1016300000001,1550.5059466666667,1812.982293728043,OID12
4490,5,1320,884,4504.08072,-987.4938566666667,0.1,Floor,10,699,572,-1710.5336900000002,1559.9740666666667,1806.4032829857204,OID12
4492,5,1321,885,4507.36597,-998.5559833333335,0.1,Floor,10,701,571,-1685.83293,1569.2818066666669,1803.9957400705525,OID12
4494,5,1268,895,3980.73274,-1075.8936766666668,129.772490893635,OID6,10,703,571,-1671.2060499999998,1569.9763933333334,1806.2310508792373,OID12
4518,5,1350,791,4800.2497299999995,-230.50467333333336,0.1,Floor,10,685,583,-1851.58369,1470.1736033333332,1702.06442623626,OID12
4520,5,1353,791,4826.52387,-229.23342333333338,0.1,Floor,10,687,583,-1833.14375,1469.49561,1697.290621139955,OID12
4522,5,1355,799,4851.93236,-295.42874,0.1,Floor,10,689,583,-1805.03502,1468.9132066666668,1682.8192257735254,OID12
4524,5,1367,801,4966.70893,-312.30006666666674,0.1,Floor,10,691,583,-1786.27781,1468.6922833333333,1675.683691409858,OID12
4532,5,1373,828,5033.1982,-534.2085933333334,0.1,Floor,10,699,577,-1709.25558,1519.04063,1655.8295502857336,OID12
4534,5,1375,831,5047.64794,-553.01599,0.1,Floor,10,1784,309,9141.14594,3710.7759533333337,713.4359440973212,OID7
4536,5,1375,847,5052.15788,-688.8555333333335,0.1,Floor,10,1847,305,9769.533660000001,3745.1236633333338,1102.8831823115815,Wall
4538,5,1386,852,5156.60854,-725.2203066666667,0.1,Floor,10,1844,335,9735.53191,3496.9586099999997,1395.120399728827,Wall
4540,5,1380,848,5101.00836,-695.4376033333335,0.1,Floor,10,1842,317,9719.753850000001,3648.3350266666666,1331.51208819347,Wall
4542,5,1381,850,5105.35015,-707.6041066666668,0.1,Floor,10,1810,299,9402.04479,3792.0359,1392.6935247978938,OID7
4544,5,1383,850,5129.37224,-711.7004166666668,0.1,Floor,10,1687,297,8174.27024,3809.243933333333,1442.4128935742172,OID7
4546,5,1375,855,5052.94139,-749.46515,0.1,Floor,10,1646,293,7764.6654,3844.4359833333338,1311.834030326701,OID7
4556,5,1339,840,4687.9680499999995,-627.7286,0.1,Floor,10,1439,282,5685.23916,3936.7478733333337,1348.4673112847136,OID7
4558,5,1330,845,4600.50345,-667.0428033333335,0.1,Floor,10,1441,282,5714.59575,3936.96429,1204.6878005491787,OID7
4560,5,1555,857,6852.45511,-765.09217,0.1,Floor,10,1431,278,5613.80025,3970.6107,1140.4729704123006,OID7
4564,5,1427,849,5574.16046,-700.81888,0.1,Floor,10,1453,274,5833.17595,3996.917463333333,920.5682058944197,OID7
4628,5,1619,796,7488.00043,-271.20178,0.1,Floor,10,768,481,-1019.5053499999999,2308.7750866666665,0.1,Floor
4630,5,1766,788,8964.01704,-207.9207166666667,0.1,Floor,10,769,480,-1006.8728100000001,2314.3788566666667,0.1,Floor
4632,5,1841,764,9709.61493,-4.106946666666687,666.8389405113464,Wall,10,771,479,-994.91119,2319.6041966666667,0.1,Floor
4634,5,1843,766,9734.33886,-26.398676666666688,803.5741781117677,Wall,10,772,479,-982.0563,2325.920446666667,0.1,Floor
4636,5,1840,764,9697.99405,-8.30529,1165.4877271082114,Wall,10,779,481,-908.24975,2304.978016666667,0.1,Floor
4638,5,1840,768,9700.917010000001,-40.593593333333345,1263.0411664555716,Wall,10,772,475,-983.9094299999999,2352.9194333333335,27.207042469179214,OID12
4640,5,1840,770,9703.12337,-56.779560000000004,1422.1783853148631,Wall,10,788,472,-819.05574,2383.380453333333,0.1,Floor
4642,5,1845,769,9754.54418,-48.217566666666684,1560.873241593611,Wall,10,781,476,-893.57224,2347.536446666667,115.82930167227778,OID12
4644,5,1847,775,9765.45342,-98.31788666666668,1635.189901909995,Wall,10,773,466,-967.8640600000001,2428.0760266666666,643.6307929066295,OID12
4646,5,1849,803,9786.3022,-323.43989666666675,1571.280037457619,Wall,10,789,465,-811.9275299999999,2433.301106666667,0.1,Floor
4648,5,1567,842,6967.38738,-648.8761066666667,0.1,Floor,10,799,457,-705.9715900000001,2504.8093733333335,0.1,Floor
4656,5,1843,845,9725.46441,-668.6409333333335,842.7747746874636,Wall,10,798,461,-719.90753,2471.1432433333334,0.1,Floor
4658,5,1844,840,9737.90248,-628.5748766666668,1009.3849099278323,Wall,10,798,449,-724.1300000000001,2565.5141599999997,0.1,Floor
4660,5,1842,868,9720.61563,-856.0192466666667,19.120956276033212,Wall,10,803,449,-668.3296600000001,2568.9090699999997,0.1,Floor
4662,5,1833,874,9633.74137,-909.4070366666667,0.1,Floor,10,807,450,-632.29366,2556.4327233333333,0.1,Floor
4668,5,1489,832,6190.357550000001,-561.6221733333334,0.1,Floor,10,820,441,-495.37703999999997,2635.3019,0.1,Floor
4670,5,1490,840,6202.391299999999,-633.1616300000001,0.1,Floor,10,815,437,-552.78515,2664.94933,0.1,Floor
4686,5,1818,938,9476.19303,-1435.004226666667,0.1,Floor,10,848,316,-223.50471000000005,3657.6404199999997,0.1,Floor
4688,5,1825,915,9547.84327,-1245.84593,0.1,Floor,10,863,310,-66.33599000000004,3704.266746666667,0.1,Floor
4690,5,1837,919,9669.81558,-1272.1121,0.1,Floor,10,867,300,-29.878370000000018,3784.054366666667,0.1,Floor
4698,5,1840,829,9703.6173,-542.22526,0.1,Floor,10,869,286,-10.447959999999966,3903.992326666667,0.1,Floor
4700,5,1845,756,9752.99047,60.80437,0.1,Floor,10,869,285,-6.171860000000038,3909.757336666667,0.1,Floor
4702,5,1847,792,9772.09798,-235.59394,0.1,Floor,10,870,284,-2.0790700000000015,3915.828556666667,0.1,Floor
4704,5,1828,779,9581.14677,-131.56802,0.1,Floor,10,882,288,122.06726000000003,3888.7985833333337,0.1,Floor
4706,5,1830,766,9600.13753,-27.343019999999996,0.1,Floor,10,871,283,6.041510000000017,3928.469206666667,0.1,Floor
4710,5,1824,742,9538.6116,173.49623666666668,0.1,Floor,10,894,303,244.20384,3766.209946666667,0.1,Floor
4712,5,1796,742,9259.38147,168.66817333333336,0.1,Floor,10,884,297,137.73774000000003,3814.5491733333333,0.1,Floor
4714,5,1769,784,8988.74674,-167.81111333333337,0.1,Floor,10,896,314,261.07701,3671.6271733333333,0.1,Floor
4722,5,1743,699,8726.35722,523.3172033333334,0.1,Floor,10,863,385,-69.28017,3092.1769,0.1,Floor
4724,5,1725,699,8545.63384,522.22506,0.1,Floor,10,869,387,-7.374680000000012,3074.15821,0.1,Floor
4726,5,1717,690,8465.17247,596.2929266666667,0.1,Floor,10,869,386,-5.02642000000003,3080.97072,0.1,Floor
4732,5,1675,718,8052.307,365.4403433333334,0.1,Floor,10,869,411,-6.256939999999986,2882.2338933333335,0.1,Floor
4736,5,1747,713,8771.00449,409.7303433333334,0.1,Floor,10,872,430,20.146560000000022,2726.819286666667,0.1,Floor
4738,5,1849,686,9790.77674,628.2174466666668,93.70932375776806,Wall,10,876,417,63.82925999999998,2831.869386666667,0.1,Floor
5985,5,1136,893,2660.48721,-1066.0088033333334,0.1,Floor,10,1848,484,9783.29549,2283.7472966666664,2643.8006696406833,Wall
5987,5,1200,916,3304.50156,-1249.1085633333332,0.1,Floor,10,1849,487,9789.08986,2257.9013233333335,2605.5762551076136,Wall
5989,5,1024,928,1540.7135899999998,-1347.71144,0.1,Floor,10,1841,490,9705.628499999999,2232.06815,2579.8002824368614,Wall
5991,5,1013,933,1427.2390799999998,-1388.4679833333334,0.1,Floor,10,1843,492,9732.91863,2214.60387,2577.97488889345,Wall
5993,5,1012,936,1423.6928899999998,-1419.0022133333334,0.1,Floor,10,1845,498,9750.41404,2164.0548266666665,2567.829365754961,Wall
5995,5,1017,930,1469.97959,-1365.6227,0.1,Floor,10,1847,504,9768.02723,2121.9430866666667,2543.3400521013277,Wall
5997,5,984,942,1135.14851,-1461.1872066666667,0.1,Floor,10,1849,511,9786.028470000001,2063.3159,2518.608615269306,Wall
6017,5,711,872,-1591.24989,-893.34346,0.1,Floor,10,1157,520,2866.62356,1988.22024,111.62647857990396,PID1
6019,5,968,893,983.4236999999998,-1059.5093466666667,0.1,Floor,10,1158,519,2884.23258,1992.20416,1028.3913468072265,PID1
6039,5,1107,938,2370.9561,-1429.9891033333333,0.1,Floor,10,1174,519,3044.82653,1996.22658,2052.1588596921956,PID1
6045,5,1113,850,2430.92667,-711.3988366666666,0.1,Floor,10,1202,605,3321.49912,1293.45266,0.1,Floor
6051,5,1108,957,2376.303,-1588.8591633333335,0.1,Floor,10,1207,618,3371.45991,1188.26961,0.1,Floor
6075,5,1119,1028,2493.12211,-2164.736696666667,0.1,Floor,10,1184,627,3139.23242,1111.5034033333332,1183.9224723010416,OID5
6077,5,1119,1018,2486.59169,-2089.0088833333334,0.1,Floor,10,1190,627,3199.61465,1109.8765433333333,1180.2998733740872,OID5
6079,5,1128,1044,2579.92586,-2297.2906133333336,0.1,Floor,10,1193,628,3229.11718,1100.52228,1160.1346087536012,OID5
6085,5,1267,934,3969.74905,-1400.1093033333334,0.1,Floor,10,1201,627,3312.34611,1112.8075433333333,1102.1559095824282,OID5
6087,5,1264,935,3943.21021,-1410.1255433333333,0.1,Floor,10,1203,627,3329.60539,1116.3805433333332,1075.3277068107052,OID5
6089,5,1265,931,3946.61698,-1370.1929333333333,0.1,Floor,10,1205,626,3346.51996,1120.4794333333332,1131.7770350696858,OID5
6091,5,1259,938,3890.09276,-1431.0766733333335,0.1,Floor,10,1216,624,3463.1692,1132.9985066666666,1074.7584430217735,OID5
6105,5,1240,946,3703.49742,-1498.9018033333334,0.1,Floor,10,1294,565,4235.69296,1616.84518,0.1,Floor
6107,5,1105,1076,2345.84451,-2563.097506666667,0.1,Floor,10,1235,519,3654.28151,1995.682,3629.2820377520516,PID1
6109,5,1238,942,3678.43641,-1459.9849633333333,0.1,Floor,10,1237,519,3672.85052,1999.34048,3406.0843639732193,PID1
6111,5,1232,948,3621.50206,-1514.5703833333332,0.1,Floor,10,1239,518,3693.48385,2004.0684,2819.95672707645,PID1
6113,5,1233,943,3626.27666,-1468.5421833333335,0.1,Floor,10,1241,518,3713.88846,2007.75317,5204.965461391658,PID1
6115,5,1227,949,3569.83698,-1521.7150533333333,0.1,Floor,10,1243,517,3734.63078,2011.43906,2702.096468618043,PID1
6117,5,1224,949,3542.00333,-1523.3085933333334,0.1,Floor,10,1246,517,3755.50783,2015.20401,2473.3083177336666,PID1
6119,5,1222,949,3517.01854,-1524.2915233333333,0.1,Floor,10,1248,516,3776.75497,2019.01229,2652.2187941466045,PID1
6121,5,1222,943,3523.28356,-1475.3426633333333,0.1,Floor,10,1250,516,3796.42303,2023.26366,2080.2695758824902,PID1
6139,5,1027,944,1571.79657,-1477.1060666666667,0.1,Floor,10,1270,512,4000.39161,2053.25182,1019.6836785230181,PID1
6141,5,1030,934,1597.70944,-1399.0262866666667,0.1,Floor,10,1272,512,4020.55297,2053.47969,1004.4673118402229,PID1
6143,5,1026,960,1563.59264,-1612.2615833333334,0.1,Floor,10,1274,512,4039.80721,2052.70453,999.4876609405131,PID1
6145,5,1017,925,1469.558,-1324.8859400000001,0.1,Floor,10,1276,512,4057.75714,2050.64159,1005.3756068791715,PID1
6173,5,1158,944,2878.42183,-1483.1185933333334,0.1,Floor,10,1300,517,4297.95428,2008.1251,1885.4929009103312,PID1
6175,5,1159,939,2887.0680700000003,-1437.6025133333333,0.1,Floor,10,1302,518,4317.0815,2004.34657,1876.3766761420045,PID1
6177,5,1154,945,2836.17164,-1492.0683433333334,0.1,Floor,10,1304,518,4336.42624,2000.28842,1853.536945318949,PID1
6179,5,1149,950,2785.54591,-1530.2159766666668,0.1,Floor,10,1306,519,4355.78582,1995.89738,1834.4521821091012,PID1
6181,5,1152,941,2824.63195,-1451.9849233333334,0.1,Floor,10,1307,520,4374.9904,1991.08623,1813.8656643343893,PID1
6185,5,936,993,663.0924299999999,-1878.83596,0.1,Floor,10,1311,521,4414.13109,1980.46042,1776.2180542030997,PID1
6187,5,937,998,672.6602700000001,-1918.0326833333334,0.1,Floor,10,1313,522,4433.6168,1974.93892,1756.003927949727,PID1
6211,5,916,1012,462.18084999999996,-2035.0441233333336,0.1,Floor,10,1336,526,4658.37237,1940.70403,1776.4732763879902,PID1
6219,5,850,967,-195.67102999999997,-1667.16724,0.1,Floor,10,1343,526,4727.78507,1942.14865,1738.5954837689223,PID1
6221,5,885,965,151.2270900000001,-1653.2402,0.1,Floor,10,1345,525,4745.7488,1942.74073,1740.8954425629859,PID1
6223,5,883,966,127.98692000000005,-1664.18122,0.1,Floor,10,1346,525,4763.10383,1944.01895,1730.6965736332838,PID1
6227,5,873,962,32.188879999999926,-1625.1106666666667,0.1,Floor,10,1350,525,4800.95303,1947.89343,1698.7749018418965,PID1
6229,5,871,963,8.813290000000052,-1633.6520666666668,0.1,Floor,10,1352,525,4818.68917,1949.64065,1691.809652496935,PID1
6231,5,865,959,-54.705780000000004,-1599.44335,0.1,Floor,10,1354,524,4837.33117,1951.49031,1689.473146201165,PID1
6233,5,871,972,11.707080000000019,-1705.76625,0.1,Floor,10,1356,524,4856.38677,1953.70022,1700.2923257325097,PID1
6265,5,826,979,-436.25008,-1768.83722,0.1,Floor,10,1386,520,5158.30812,1986.3658,1840.5506580500005,PID1
6267,5,827,966,-428.77756,-1658.0860666666667,0.1,Floor,10,1388,520,5175.82464,1984.06098,1833.2743497037982,PID1
6269,5,830,972,-400.93775000000005,-1712.99271,0.1,Floor,10,1389,521,5193.12327,1980.91553,1825.8977233142953,PID1
6271,5,828,972,-422.91592,-1709.8631,0.1,Floor,10,1391,521,5211.00775,1977.27474,1822.5077744316743,PID1
6273,5,820,964,-496.14676999999995,-1647.5729666666668,0.1,Floor,10,1393,522,5229.18476,1973.47606,1817.2951837900057,PID1
6287,5,798,1001,-717.29107,-1946.7560966666667,0.1,Floor,10,1407,525,5372.97921,1946.67776,1359.931381993538,PID1
6289,5,795,1016,-750.16752,-2070.272226666667,0.1,Floor,10,1409,525,5394.37754,1942.8466,1356.2356021320725,PID1
6299,5,784,1044,-861.02848,-2300.975426666667,0.1,Floor,10,1420,528,5502.72696,1918.3819,1307.266663613476,PID1
6301,5,782,1058,-883.27001,-2412.57932,0.1,Floor,10,1422,529,5524.48739,1912.58277,1297.754112670475,PID1
6303,5,784,1074,-855.75232,-2541.0126600000003,0.1,Floor,10,1425,530,5546.82391,1906.57497,1286.4429499253445,PID1
6305,5,777,1072,-928.4813300000001,-2527.7290233333333,0.1,Floor,10,1427,531,5568.75874,1900.17804,1286.7951363049372,PID1
6311,5,765,1026,-1046.8506,-2154.90251,0.1,Floor,10,1434,533,5635.94677,1878.0736,1306.72674218536,PID1
6337,5,976,975,1062.53432,-1731.6740333333332,0.1,Floor,10,1848,655,9782.533940000001,886.0801799999999,1722.693386159735,Wall
6351,5,747,1098,-1230.46447,-2738.03841,0.1,Floor,10,1848,611,9782.6832,1242.15634,1727.0490087677454,Wall
6353,5,743,1060,-1266.87541,-2427.6651933333333,0.1,Floor,10,1842,604,9721.95493,1302.1826233333334,1744.9798049959495,Wall
6355,5,746,1101,-1243.21994,-2766.0771166666673,0.1,Floor,10,1845,596,9752.13886,1362.5532466666668,1737.0578187434114,Wall
6357,5,736,1097,-1339.43467,-2728.69623,0.1,Floor,10,1847,594,9771.8262,1381.3878733333333,1704.7749034201338,Wall
6359,5,737,1088,-1325.42507,-2656.87163,0.1,Floor,10,1840,588,9701.48696,1433.5027033333333,1689.9473718132335,Wall
6361,5,728,1073,-1421.2086399999998,-2534.1176,0.1,Floor,10,1842,588,9721.58842,1435.3700033333332,1692.7410102194046,Wall
6363,5,725,1073,-1446.82577,-2535.52401,0.1,Floor,10,1845,582,9751.92225,1479.97459,1654.2940933932496,Wall
6365,5,724,1061,-1462.5998399999999,-2436.2283500000003,0.1,Floor,10,1847,582,9772.488860000001,1483.41811,1624.927467888902,Wall
6367,5,717,1058,-1527.5489499999999,-2412.19899,0.1,Floor,10,1849,574,9792.088179999999,1545.6037733333333,1568.7759522776842,Wall
6371,5,720,1037,-1496.59568,-2239.45071,0.1,Floor,10,1843,584,9728.74843,1462.3293566666666,1496.6613636196255,Wall
6373,5,714,1022,-1561.02513,-2115.4052899999997,0.1,Floor,10,1847,570,9774.8073,1579.5728933333332,1486.0057679808695,Wall
6375,5,1,1303,-8685.49542,-4416.20666,3900.665130002663,Wall,10,1848,578,9781.22757,1509.6359733333334,1447.7230519050772,Wall
6377,5,1,1025,-8690.46589,-2141.34409,2043.7554709941892,Wall,10,1841,563,9707.521219999999,1634.9647233333333,1541.3131217387256,Wall
6379,5,1,1033,-8694.63141,-2208.601256666667,1949.24927100181,Wall,10,1843,563,9728.582279999999,1636.8631233333333,1580.7076771862094,Wall
6381,5,1,1011,-8689.91695,-2024.3818533333335,1796.5789558658541,Wall,10,1845,566,9748.58913,1612.5949333333333,1531.7643560047486,Wall
6389,5,1,983,-8691.19265,-1799.4801266666668,1526.2619068198878,Wall,10,1509,534,6387.2332,1873.9053,1304.4505116457824,PID1
6391,5,1,989,-8686.2491,-1846.0732466666668,1354.1999942669142,Wall,10,1511,534,6406.56721,1870.98784,1296.8158441694472,PID1
6393,5,1,991,-8691.6751,-1867.0022566666667,1310.6532924731887,Wall,10,1513,535,6425.50775,1867.52568,1291.2474046333828,PID1
6395,5,1,971,-8686.87524,-1704.4589433333335,1302.9972535955699,Wall,10,1514,535,6444.8979,1864.561,1295.0369743002307,PID1
6397,5,1,967,-8691.76596,-1666.51571,1350.2604130891061,Wall,10,1516,535,6463.46648,1860.85393,1304.1541418093336,PID1
6399,5,1,966,-8686.36343,-1661.61711,1386.4778812759052,Wall,10,1518,536,6482.48079,1857.70016,1324.3011117500187,PID1
7732,5,948,905,777.4828499999999,-1158.2119666666667,0.1,Floor,10,1313,641,4431.03364,994.1994966666667,1875.566630186002,OID6
7738,5,886,926,157.4062600000002,-1333.2001966666667,0.1,Floor,10,1311,647,4408.11387,946.3984066666666,1881.7240497002708,OID6
7740,5,925,918,550.1672699999999,-1266.1088533333334,0.1,Floor,10,1310,648,4399.45309,938.4529399999999,1887.4312619730458,OID6
7742,5,916,916,464.0834399999999,-1249.83035,0.1,Floor,10,1308,649,4381.80251,931.1701133333333,1892.7646193484698,OID6
7744,5,925,920,547.8280399999999,-1283.5736666666667,0.1,Floor,10,1306,651,4362.39255,916.6714333333332,1894.4534086896176,OID6
7746,5,928,911,581.5848099999998,-1209.16988,0.1,Floor,10,1305,651,4351.56356,912.1547466666667,1895.34796617422,OID6
7750,5,790,941,-800.1691700000001,-1454.3050933333334,0.1,Floor,10,1301,653,4310.5718,900.0164199999999,1897.332880672458,OID6
7752,5,789,946,-807.1235299999998,-1497.8480633333334,0.1,Floor,10,1300,653,4298.32117,898.0807133333333,1900.9344981169163,OID6
7754,5,795,939,-753.05504,-1442.8619033333334,0.1,Floor,10,1298,653,4276.35869,896.5949666666667,1900.7153941978745,OID6
7756,5,794,945,-759.7564500000001,-1488.1944133333334,0.1,Floor,10,1295,654,4254.29026,895.07376,1897.293202258759,OID6
7758,5,796,944,-737.2245800000001,-1483.8104633333332,0.1,Floor,10,1294,654,4241.51618,893.9945933333333,1899.1085346932277,OID6
7760,5,796,948,-744.66056,-1513.5237266666668,0.1,Floor,10,1293,657,4228.93852,867.6694466666667,1899.544102173223,OID6
7764,5,803,943,-671.3734999999999,-1473.3256433333333,0.1,Floor,10,1292,662,4223.55347,824.1853966666666,1911.5507094246045,OID6
7784,5,825,940,-453.2250899999999,-1449.1561833333335,0.1,Floor,10,143,979,-7269.22878,-1765.750483333334,1375.0956807110954,OID1
7832,5,1044,843,1738.14829,-654.8395533333334,0.1,Floor,10,256,870,-6141.23644,-871.8917733333335,761.2084414424676,PID4
7834,5,1135,784,2648.00725,-170.48962333333327,0.1,Floor,10,230,852,-6395.26096,-724.01973,743.389544180709,PID4
7836,5,1060,739,1898.38481,197.21108000000004,870.9844497404895,PID7,10,218,851,-6520.07763,-718.0060333333334,757.5082223793415,PID4
7838,5,1061,719,1908.30078,357.48222,1019.8242316236701,PID7,10,1,883,-8694.68865,-978.8023233333334,511.4735796992438,Wall
7846,5,1090,772,2196.76628,-71.36008000000004,0.1,Floor,10,0,631,-8702.070520000001,1076.244236666667,1265.1242244450273,Wall
7848,5,1086,789,2156.11589,-208.66914999999995,0.1,Floor,10,1,661,-8686.46809,831.1423133333334,1331.8411293934337,Wall
7874,5,1056,541,1863.7783100000001,1815.13607,521.9489814487606,OID8,10,311,650,-5585.25886,921.6886133333334,0.1,Floor
7876,5,1072,483,2024.86304,2292.602796666667,484.39219762282005,OID8,10,279,651,-5912.77217,916.2380533333334,0.1,Floor
7878,5,1037,587,1666.12324,1435.97983,879.6807860071,OID8,10,287,652,-5829.861150000001,911.6030533333334,0.1,Floor
7880,5,1042,576,1717.57359,1528.3943233333334,851.3093219071493,OID8,10,276,633,-5936.7863,1066.0695966666667,0.1,Floor
7886,5,1020,631,1500.4749299999999,1078.4466033333335,1081.6295002797888,OID8,10,225,590,-6449.6921,1412.71404,0.1,Floor
7892,5,1035,638,1652.09262,1019.62435,1137.790683365126,OID8,10,1,585,-8690.96872,1459.5926633333333,1040.8005547666535,Wall
7922,5,1063,700,1930.27545,516.40162,1358.1154850123526,PID1,10,1,400,-8694.22939,2966.514276666667,2341.9999167875467,Wall
7926,5,1048,702,1780.73452,497.01872666666674,1377.82616721929,PID1,10,0,460,-8703.269110000001,2478.6522333333332,2418.201618857809,Wall
7928,5,1041,706,1705.14524,462.67619,1310.089172726617,PID1,10,1,485,-8690.75271,2276.1320433333335,2400.4383871305267,Wall
7930,5,1137,645,2668.50589,962.3704466666668,1151.531596486636,OID8,10,1,485,-8687.70487,2272.7496533333333,2349.653017976619,Wall
7932,5,1035,705,1651.26963,471.07563666666675,1368.3186766716385,PID1,10,1,516,-8692.34831,2019.3675633333335,2312.714681273204,Wall
7942,5,869,786,-14.13997,-188.5347,1529.407637311991,PID1,10,869,702,-8.477739999999812,502.14873,1742.29399875018,PID5
7944,5,871,784,5.65473,-174.5291,1546.4370208779148,PID1,10,1,676,-8691.94612,711.8488866666667,1212.7201205133997,Wall
7946,5,873,783,25.30424,-160.18355,1568.1460036384615,PID1,10,1,699,-8686.20166,520.8672633333333,1242.2329557212972,Wall
7948,5,874,781,44.98469,-145.60657,1575.875103568761,PID1,10,1,723,-8690.89326,329.69072,1264.9258513320833,Wall
8000,5,1100,696,2303.65027,545.51827,830.2600773481345,PID10,10,1,840,-8690.17751,-628.9931166666668,2742.89701276955,Wall
8002,5,1109,660,2392.52647,843.7413533333333,1284.7122291038745,PID10,10,1,840,-8687.63839,-632.0245766666667,2737.9035297468504,Wall
8004,5,1103,662,2331.68202,824.29174,1289.6418779494707,PID10,10,1,841,-8694.3288,-634.7979766666667,2741.3742136166147,Wall
8006,5,1100,673,2301.00385,737.62958,1230.4192169965395,PID10,10,1,841,-8691.352930000001,-637.0648766666668,2787.5544526707986,Wall
8008,5,1096,671,2260.2151,750.32916,1244.558885993079,PID10,10,1,818,-8688.91323,-447.48996,2866.7719421333177,Wall
8010,5,1088,687,2179.7855600000003,620.9963133333333,1142.2354638774773,PID10,10,1,820,-8685.80575,-466.29220666666674,2917.83709046054,Wall
8012,5,1092,670,2219.0786200000002,758.4792933333333,1251.0324663262743,PID10,10,1,796,-8693.19153,-268.1868066666667,2961.1963705806047,Wall
8014,5,1088,673,2178.87166,737.31308,1282.6181977360247,PID10,10,1,774,-8690.75493,-86.62811333333337,2984.503724218044,Wall
8016,5,1087,672,2168.9473,741.2093466666668,1275.0738719350866,PID10,10,1,751,-8688.60385,94.96095,3011.5927105954243,Wall
8018,5,1091,692,2209.3009899999997,578.4109866666668,960.5190150345779,PID10,10,1,730,-8686.787629999999,268.39409,3077.241879927864,Wall
8020,5,1081,682,2110.00117,665.5009966666667,1139.1097847460953,PID10,10,1,708,-8685.37697,450.4893933333334,3139.032818144921,Wall
8022,5,1083,680,2131.01084,677.2650866666667,1132.4208241924996,PID10,10,1,686,-8694.6669,632.5543366666667,3220.50175560704,Wall
8024,5,1085,677,2152.37777,705.3967033333333,1123.3159001491217,PID10,10,1,664,-8693.71714,806.5102966666667,3234.2567447715282,Wall
8026,5,1087,675,2174.17874,716.9011833333334,1107.1328302007746,PID10,10,1,621,-8693.439620000001,1164.24904,3267.961450177257,Wall
8028,5,1079,675,2086.74624,719.58233,1151.070871236458,PID10,10,1,598,-8693.71962,1347.2171133333336,3279.2062200854434,Wall
8030,5,1081,672,2109.79625,747.0120966666667,1083.4525052789727,PID10,10,1,577,-8694.02634,1521.9656933333335,3305.652027120996,Wall
8032,5,1072,670,2023.24699,757.4437266666666,1171.3657426032355,PID10,10,1,577,-8694.97318,1522.3311733333335,3334.819670671359,Wall
8044,5,1293,752,4234.29046,87.07130333333328,369.665663609434,OID6,10,0,535,-8695.26639,1862.507346666667,3323.620804757181,Wall
8046,5,1266,751,3960.5262199999997,97.81470333333323,531.5559069847366,OID6,10,1,535,-8688.28147,1863.4058966666669,3277.0208804150707,Wall
8048,5,1320,748,4495.31087,125.15238999999997,341.7184402468579,OID6,10,1,539,-8691.12923,1831.1450033333335,3231.1014335323416,Wall
8052,5,1446,727,5761.91926,298.1518,0.1,Floor,10,1,561,-8685.68358,1649.93581,3106.5516980370103,Wall
8054,5,1459,701,5894.30438,503.02148666666665,0.1,Floor,10,1,589,-8686.63828,1425.13374,2816.752076025091,Wall
8062,5,1285,642,4147.0875,988.2265566666667,858.06024281781,PID2,10,1,698,-8685.81148,530.3265666666667,740.2180354800344,Wall
8064,5,1275,631,4046.03086,1079.2812866666668,900.9982060742279,PID2,10,0,718,-8704.7013,367.34682333333336,696.1951350988074,Wall
8066,5,1265,622,3954.3042100000002,1154.01,967.496365838269,PID2,10,1,719,-8692.83026,362.4406333333334,725.8725281085287,Wall
8068,5,1319,655,4492.53665,887.1438766666668,0.1,Floor,10,1,737,-8691.0772,215.4823366666667,750.5936354509283,Wall
8070,5,1332,635,4620.61711,1045.1550333333334,0.1,Floor,10,1,755,-8688.73574,68.16266,784.7788427674616,Wall
8576,5,1847,333,9768.48083,3520.66274,1092.1431998132214,Wall,10,1,574,-8688.56807,1547.7293733333336,506.12014151462245,Wall
8578,5,1844,319,9737.895069999999,3628.14318,1141.7237644780707,Wall,10,1,584,-8691.88271,1465.18345,557.6662105380578,Wall
8580,5,1848,322,9781.17024,3603.1783766666667,1149.1377198486475,Wall,10,1,584,-8685.8065,1466.0359600000002,581.4564148751244,Wall
8582,5,1840,352,9704.76917,3361.4862066666665,1240.2553751111607,Wall,10,1,584,-8689.07569,1467.28388,605.2900560000496,Wall
8584,5,1841,347,9708.4275,3403.33826,1256.879437887971,Wall,10,1,593,-8692.32391,1393.8471,643.0210238053376,Wall
8586,5,1845,350,9751.13992,3377.6990566666664,1274.4365259141218,Wall,10,1,587,-8685.0114,1437.1046466666671,656.752158513751,Wall
8588,5,1841,367,9707.80241,3239.19267,1071.2447025764475,Wall,10,1,608,-8686.88652,1264.192956666667,690.8724138408004,Wall
8590,5,1847,377,9769.55567,3153.6465233333333,1186.3817126492836,Wall,10,0,596,-8697.307499999999,1367.022256666667,723.0264220530739,Wall
8592,5,1840,380,9702.952140000001,3134.0318133333335,1231.146390831334,Wall,10,1,608,-8686.59462,1270.9848666666671,740.7367137421927,Wall
8596,5,1848,401,9779.34537,2958.71708,1004.2414499870446,Wall,10,1,615,-8693.73667,1214.43923,797.1403346516706,Wall
8598,5,1841,409,9711.41245,2894.6706733333335,1010.1074411815916,Wall,10,1,602,-8691.8379,1320.50173,811.5454896050562,Wall
8608,5,1845,423,9754.86809,2779.3924366666665,1081.7519521177778,Wall,10,0,526,-8703.01608,1938.0756033333334,769.6228480993541,Wall
8610,5,1848,426,9776.82053,2753.7357166666666,1078.4891373190053,Wall,10,1,515,-8690.87595,2028.488756666667,770.8778408896824,Wall
8612,5,1841,431,9709.997930000001,2711.54333,1106.9922907104592,Wall,10,1,503,-8689.517,2128.3100833333338,785.0105625907706,Wall
8620,5,1841,440,9706.21849,2640.7523933333337,1161.2223803231986,Wall,10,1,487,-8690.55228,2253.67648,859.3655178229858,Wall
8622,5,1844,441,9740.50143,2630.54234,1157.9077003305179,Wall,10,1,480,-8688.820889999999,2313.5319600000003,883.2770912960942,Wall
8628,5,1844,499,9740.63751,2159.4335533333333,1377.1390609919708,Wall,10,1,472,-8693.49408,2377.856883333334,935.6964118861587,Wall
8630,5,1846,499,9755.782299999999,2156.2077333333336,1368.5405352695873,Wall,10,1,461,-8692.037830000001,2472.282296666667,956.5210665540405,Wall
8632,5,1849,500,9792.3321,2152.4643233333336,1383.1784877485982,Wall,10,1,448,-8690.62859,2575.066033333334,964.2449592753711,Wall
8634,5,1842,498,9718.35664,2165.13265,1424.4396622067861,Wall,10,1,462,-8689.06856,2461.4707633333337,1001.3413612865867,Wall
10229,5,273,1016,-5965.46073,-2073.36078,0.1,Floor,10,585,566,-2845.93342,1609.2869333333333,0.1,Floor
10231,5,262,1010,-6081.89452,-2024.0359466666669,0.1,Floor,10,1244,478,3743.45975,2332.26363,0.1,Floor
10233,5,258,996,-6118.97201,-1907.846666666667,0.1,Floor,10,1275,456,4052.69456,2513.8172999999997,0.1,Floor
10235,5,256,997,-6136.03609,-1916.321046666667,0.1,Floor,10,1276,445,4061.85577,2604.0775133333336,0.1,Floor
10237,5,244,991,-6264.23195,-1865.4041633333336,0.1,Floor,10,1275,435,4051.00734,2686.2667333333334,0.1,Floor
10251,5,492,882,-3778.8295900000003,-971.3389533333334,0.1,Floor,10,1273,282,4027.10394,3930.252746666667,2097.668713103084,OID8
10539,5,685,922,-1849.52556,-1304.4162133333334,549.6334268673813,PID2,10,1380,1202,5095.35546,-3588.42548,750.9091263789135,Wall
10543,5,549,889,-3208.9560199999996,-1029.2616566666668,0.1,Floor,10,1374,1217,5044.62124,-3710.11892,730.6832628113214,Wall
10545,5,656,891,-2143.07892,-1043.7031833333335,0.1,Floor,10,1370,1225,5004.9297,-3779.684083333334,696.2163442814624,Wall
10547,5,647,867,-2227.3537800000004,-850.6766566666668,0.1,Floor,10,1366,1233,4955.7034,-3841.5630733333337,661.3259909697929,Wall
10553,5,724,866,-1456.4603599999991,-845.0300633333334,285.0857273419431,PID2,10,1353,1261,4830.35299,-4070.97598,598.507970491356,Wall
10555,5,732,868,-1379.5288,-856.3014066666667,285.55996293282465,PID2,10,1347,1269,4772.02308,-4142.280573333333,567.1505400440619,Wall
10557,5,714,881,-1561.9986599999993,-968.50318,61.27503280155406,PID2,10,1347,1269,4773.865,-4138.953086666667,419.5203029324043,Wall
10583,5,667,714,-2026.16698,399.2666366666667,0.1,Floor,10,1461,1072,5912.17306,-2529.28066,0.1,Floor
10587,5,344,841,-5261.653689999999,-639.45956,0.1,Floor,10,1489,1036,6187.3081600000005,-2233.237066666667,0.1,Floor
10589,5,353,843,-5169.66229,-650.34199,0.1,Floor,10,1505,1016,6349.4805,-2072.00633,0.1,Floor
10591,5,352,844,-5176.923930000001,-661.69135,0.1,Floor,10,1515,1004,6451.55634,-1968.520216666667,0.1,Floor
10593,5,404,824,-4664.262430000001,-497.14050999999995,0.1,Floor,10,1524,991,6543.67472,-1865.0916833333335,0.1,Floor
10595,5,468,794,-4020.96723,-257.35488,0.1,Floor,10,1532,980,6615.99439,-1778.241176666667,0.1,Floor
10597,5,424,798,-4457.723599999999,-284.1375866666666,0.1,Floor,10,1541,967,6708.62159,-1666.2593200000001,0.1,Floor
10599,5,338,839,-5324.77204,-618.9240866666667,0.1,Floor,10,1547,958,6771.61831,-1595.76637,0.1,Floor
10601,5,367,810,-5032.05104,-386.71025999999995,0.1,Floor,10,1547,948,6774.90944,-1516.925506666667,0.1,Floor
10619,5,421,782,-4487.880719999999,-153.1246,0.1,Floor,10,1662,1158,7923.1997599999995,-3230.041006666667,2238.861446488953,Wall
10621,5,461,776,-4091.343430000001,-108.67966999999999,0.1,Floor,10,1663,1160,7927.91142,-3243.24592,2226.8282026183138,Wall
10623,5,490,762,-3803.257379999999,11.975959999999986,0.1,Floor,10,1656,1159,7862.53104,-3240.364626666667,2148.326748124311,Wall
10631,5,1062,636,1915.7840799999994,1040.7995366666669,927.3763156486817,OID8,10,1641,1168,7708.566769999999,-3309.598003333334,1935.316160431223,Wall
10633,5,1053,669,1827.0567100000007,772.1604,329.18526703647876,OID8,10,1633,1165,7630.41445,-3291.926613333334,1901.2010981769797,Wall
10635,5,360,870,-5101.53839,-878.19824,0.1,Floor,10,1632,1172,7621.48432,-3341.83371,1881.2972762297402,Wall
10637,5,741,715,-1291.1760799999993,395.7101,0.1,Floor,10,1623,1173,7531.91028,-3351.22456,1885.435536556144,Wall
10639,5,778,650,-919.0997100000004,921.067,439.75078894685794,OID9,10,1613,1175,7431.66497,-3369.974133333334,1883.1893187554251,Wall
10641,5,710,644,-1595.6128200000003,970.5572,693.3169821001732,OID9,10,1593,1174,7231.06436,-3364.452656666667,1883.499722260287,Wall
10848,5,367,895,-5027.13476,-1081.4773433333335,0.1,Floor,10,1844,905,9739.71535,-1159.88815,1654.608248110851,Wall
10854,5,371,899,-4986.91108,-1116.0782533333336,0.1,Floor,10,1840,918,9701.5016,-1271.4666533333334,2171.2227834612013,Wall
12286,5,1842,289,9724.825369999999,3878.875436666667,652.8172166690749,Wall,10,241,430,-6293.02693,2721.57185,3143.3057167919796,Wall
12288,5,1843,301,9734.33986,3775.44102,826.06694336128,Wall,10,207,429,-6625.3189,2728.34991,3199.2017344114793,Wall
12420,5,1842,460,9717.9478,2481.0343566666666,1680.3963426896398,Wall,10,445,357,-4245.52651,3322.1154,2765.7403868961887,Wall
12422,5,1844,461,9736.78884,2469.58139,1622.9649697537175,Wall,10,443,352,-4269.01604,3357.6582,2727.7558741454923,Wall
12424,5,1846,459,9761.26233,2489.6835166666665,1619.1656983947728,Wall,10,420,351,-4502.3296,3368.19387,2716.2755593624497,Wall
12426,5,1848,461,9782.61289,2468.4149066666664,1563.6549344204666,Wall,10,382,349,-4884.982,3386.539393333334,2752.849865028955,Wall
12428,5,1840,457,9699.78155,2504.44094,1591.949773052876,Wall,10,392,347,-4776.9792,3403.815736666667,2784.931604318532,Wall
12430,5,1844,452,9741.24988,2542.8466333333336,1599.9152749796808,Wall,10,354,345,-5158.86694,3420.05382,2863.9210590615166,Wall
12432,5,1844,457,9739.92995,2503.7307166666665,1603.1714657367029,Wall,10,352,343,-5180.3178100000005,3435.530313333334,2888.983610604292,Wall
12438,5,1844,483,9743.73998,2287.6377766666665,1712.7890326976396,Wall,10,231,339,-6385.60751,3470.5258,3080.8540208604586,Wall
12440,5,1846,480,9764.27562,2316.3768166666664,1757.768789557921,Wall,10,197,337,-6727.87015,3484.180083333334,3121.3732957013835,Wall
12441,5,1847,481,9772.06423,2308.330493333333,1760.9356941864244,Wall,10,183,336,-6868.991,3495.136606666667,3143.986610827396,Wall
12442,5,1841,473,9712.18769,2368.1506166666663,1759.9277779868635,Wall,10,173,335,-6970.01562,3497.660976666667,3135.6156132689657,Wall
12443,5,1843,471,9732.46171,2386.5769833333334,1737.844809782657,Wall,10,172,335,-6981.1153300000005,3499.986946666667,3172.5660362353465,Wall
12444,5,1845,469,9752.60605,2404.74481,1742.4766676843612,Wall,10,137,335,-7332.1709200000005,3502.327566666667,3194.3241643240885,Wall
12445,5,1843,476,9725.22502,2347.8373766666664,1712.3551917480515,Wall,10,123,335,-7473.2395400000005,3504.569656666667,3256.467777880024,Wall
12446,5,1846,471,9762.45766,2391.567603333333,1718.6377056334486,Wall,10,122,332,-7484.24769,3523.564893333334,3248.322495529549,Wall
12447,5,1840,462,9700.29799,2460.42275,1752.1711482683631,Wall,10,100,332,-7695.565430000001,3525.571383333334,3411.887913074176,Wall
12448,5,1842,459,9719.78589,2487.89532,1726.5604784967752,Wall,10,56,333,-8136.49413,3519.64858,3464.975091239741,Wall
12457,5,1846,441,9763.52641,2636.13073,1472.1196108209524,Wall,10,0,729,-8702.488010000001,281.84014666666667,4417.269123387527,Wall
12458,5,1848,438,9782.63062,2655.8861566666665,1590.4660978273182,Wall,10,1,728,-8694.97255,284.3681966666667,4410.916226974647,Wall
12459,5,1848,438,9779.2097,2658.3820766666663,1596.6390296916552,Wall,10,1,728,-8687.56298,287.0063466666667,4371.801485980492,Wall
12460,5,1844,436,9744.59129,2676.2097233333334,1211.8470703831729,Wall,10,1,708,-8690.30913,447.95519,4363.366578331273,Wall
12461,5,1846,434,9761.0759,2694.57062,1201.5134805479672,Wall,10,1,708,-8693.06168,450.54709,4332.6057213431395,Wall
12462,5,1847,433,9768.37427,2697.19208,1196.6992830404579,Wall,10,1,708,-8685.91,453.312,4323.821675520128,Wall
12463,5,1846,435,9763.83008,2681.914123333333,1212.3045870697028,Wall,10,1,688,-8688.85685,614.3604933333334,4272.761682477543,Wall
12464,5,1847,435,9769.18576,2683.8126233333332,1420.3830203987395,Wall,10,1,688,-8691.86357,617.1239933333334,4266.5557648742415,Wall
12465,5,1847,437,9773.98367,2668.2916266666666,1415.6125562455602,Wall,10,0,687,-8695.014650000001,619.9769933333333,4182.927105982759,Wall
12466,5,1840,427,9699.57514,2745.3057966666665,1445.5956987305403,Wall,10,0,687,-8698.14984,622.7622233333334,4179.744012584829,Wall
12467,5,1848,435,9775.64032,2680.38924,1420.2964476305,Wall,10,1,706,-8691.3154,467.21301,4333.889612395178,Wall
12468,5,1841,427,9709.75871,2748.9333266666663,1438.2876656909975,Wall,10,1,726,-8694.58046,303.3663133333334,4336.364164895702,Wall
12469,5,1842,427,9717.14181,2752.1339566666666,1444.2087174583842,Wall,10,1,705,-8687.83125,472.81131,4382.47488148772,Wall
12470,5,1848,425,9781.70074,2762.23715,1347.8522131855116,Wall,10,1,724,-8691.29275,317.47953666666666,4386.76538032452,Wall
12471,5,1847,428,9767.72193,2739.45622,1338.973535453157,Wall,10,1,743,-8694.67412,162.19405333333333,4421.719074011735,Wall
12472,5,1842,427,9718.82762,2748.0004033333335,1544.1306844565963,Wall,10,0,724,-8698.14268,315.2584233333334,4394.248771673277,Wall
12473,5,1843,425,9725.49267,2768.10157,1535.8147152575557,Wall,10,1,743,-8691.54123,160.14227,4405.714309237382,Wall
12474,5,1847,423,9768.43119,2778.3966133333333,1570.0610387493548,Wall,10,1,723,-8685.02531,330.1100166666667,4387.843311095865,Wall
12475,5,1840,417,9703.15512,2830.8979833333333,1578.9526795679044,Wall,10,1,723,-8688.50213,325.4468933333334,4384.830221348816,Wall
12476,5,1847,425,9765.70948,2765.3539666666666,1759.4549805543102,Wall,10,1,723,-8691.92653,329.1307933333334,4364.842046836721,Wall
12477,5,1848,424,9778.62437,2775.37936,1760.0480080729174,Wall,10,1,742,-8685.28242,174.48324,4270.293880608722,Wall
12497,5,1846,431,9760.11628,2718.3279366666666,1771.6171994653093,Wall,10,79,289,-7907.80524,3880.291773333334,2640.347485904424,Wall
12503,5,1845,430,9753.44728,2723.67275,1797.1895614921232,Wall,10,224,279,-6455.20794,3958.70121,2592.4095171286317,Wall
12505,5,1844,432,9736.58023,2706.1909333333333,1585.8070534121553,Wall,10,260,276,-6103.97504,3979.2877633333337,2582.0718507158103,Wall
12507,5,1845,433,9747.22783,2697.32382,1516.7425376209187,Wall,10,235,274,-6352.7007,4000.053336666667,2692.03167145187,Wall
12515,5,1841,438,9705.74581,2657.6799433333335,1386.8066890552498,Wall,10,17,260,-8528.49371,4110.51262,3710.778250860838,Wall
12517,5,1840,438,9697.84822,2660.179673333333,1377.8668876379977,Wall,10,15,258,-8547.95462,4132.480473333334,3760.1010284383674,Wall
12519,5,1842,444,9717.18755,2612.6120433333335,1809.590563965224,Wall,10,60,254,-8097.6877700000005,4163.17916,3671.051927763956,Wall
12521,5,1894,490,10235.56551,2231.71877,2032.984359265015,Wall,10,115,250,-7547.60719,4194.159456666667,3554.6724226030456,Wall
12523,5,1994,564,11236.80193,1628.3326266666663,2370.6718370754124,Wall,10,183,245,-6867.60652,4233.650406666667,3430.017498154278,Wall
12525,5,1948,517,10784.61546,2007.9660166666663,2195.5727649630608,Wall,10,195,243,-6747.4994,4256.76199,3415.580518903263,Wall
12543,5,1919,549,10487.4633,1752.1469166666666,2239.300785959459,Wall,10,272,212,-5984.04424,4508.50264,3224.143316372698,Wall
12545,5,1925,546,10546.59336,1774.0132633333328,2123.2952817263913,Wall,10,270,209,-6002.51009,4527.561953333334,3239.6538203758755,Wall
12547,5,1920,551,10496.32517,1735.4012266666664,2185.429497716266,Wall,10,281,206,-5890.9754,4554.1398,3232.8715150114685,Wall
12553,5,1932,525,10624.38423,1946.1972266666667,2245.48819017411,Wall,10,240,200,-6299.12127,4607.21647,3323.1880989933907,Wall
13829,5,283,1040,-5873.537200000001,-2264.91175,546.5736830293224,PID1,10,359,712,-5112.53419,417.17836666666665,0.1,Floor
13831,5,279,1037,-5906.2334200000005,-2239.03693,474.966698704844,PID1,10,365,723,-5050.3753,326.85072,0.1,Floor
13833,5,356,972,-5139.0909,-1713.00354,805.2859734954282,PID10,10,367,723,-5032.08337,329.65259000000003,0.1,Floor
13835,5,368,955,-5022.80238,-1570.1948333333335,807.4461129696865,PID10,10,372,718,-4983.28722,366.2362733333332,0.1,Floor
13841,5,372,956,-4980.82446,-1576.6154966666668,931.325585141939,PID10,10,378,700,-4917.01478,511.4268466666666,0.1,Floor
13843,5,370,956,-5004.28774,-1575.8476466666666,929.1724397856779,PID10,10,388,706,-4821.55951,466.0058066666667,0.1,Floor
13901,5,370,1117,-4999.76829,-2896.7844033333336,1241.3229559491774,PID1,10,523,702,-3467.4687400000003,495.2308566666667,0.1,Floor
13903,5,433,1014,-4371.80589,-2056.6498833333335,1434.660254146762,PID10,10,525,703,-3447.6111899999996,491.2534466666666,0.1,Floor
13905,5,438,995,-4324.3068299999995,-1900.410696666667,1409.407125454989,PID10,10,524,713,-3458.2214400000003,412.3389966666666,0.1,Floor
13907,5,429,975,-4407.42537,-1736.4340966666668,1380.2497921773652,PID10,10,525,738,-3448.9508699999997,208.43687666666654,0.1,Floor
13909,5,439,990,-4310.72735,-1856.17857,1409.797413686645,PID10,10,523,745,-3469.0690699999996,146.18000333333327,0.1,Floor
13925,5,452,1002,-4179.45618,-1958.3807733333335,1350.588469596124,PID10,10,504,806,-3662.4264599999997,-352.9560366666667,0.1,Floor
13927,5,460,1003,-4104.7985,-1963.2501933333335,1411.627530116152,PID10,10,503,810,-3671.30073,-385.7571166666668,0.1,Floor
13929,5,446,978,-4239.84159,-1759.14885,1329.077119519542,PID10,10,507,823,-3629.57449,-493.882966666667,0.1,Floor
13931,5,445,981,-4254.428620000001,-1779.8109366666667,1289.2953607652785,PID10,10,506,827,-3638.27221,-527.0629366666669,0.1,Floor
13959,5,180,877,-6895.94459,-931.71597,0.1,Floor,10,530,831,-3398.7187400000003,-554.3262266666668,0.1,Floor
13961,5,167,869,-7029.7913,-863.6427633333334,0.1,Floor,10,530,820,-3398.4762499999997,-466.43183999999997,0.1,Floor
13963,5,134,939,-7360.319890000001,-1437.9118333333336,0.1,Floor,10,532,820,-3378.2257499999996,-470.17692,0.1,Floor
13979,5,1,525,-8685.9443,1945.7064066666671,2237.625874834851,Wall,10,555,821,-3153.40463,-477.95385999999996,0.1,Floor
13983,5,1,618,-8692.0856,1189.941466666667,1968.032751367546,Wall,10,560,823,-3103.90063,-488.45142999999996,0.1,Floor
13985,5,1,653,-8694.92964,901.7781933333334,1890.5757459867218,Wall,10,560,826,-3098.76463,-519.01791,0.1,Floor
13987,5,1,694,-8687.91842,562.46043,1873.1824183781537,Wall,10,565,824,-3054.32804,-499.28207999999995,0.1,Floor
13989,5,1,727,-8690.39905,297.3760766666668,1838.1461657598686,Wall,10,567,825,-3031.59099,-504.72364000000005,0.1,Floor
13991,5,0,761,-8702.75994,15.087626666666779,1886.7286653325066,Wall,10,567,828,-3034.20097,-532.99713,0.1,Floor
13993,5,1,785,-8694.28299,-175.85096666666664,1837.9513678588155,Wall,10,577,823,-2930.15489,-489.28417,0.1,Floor
13995,5,0,815,-8696.17523,-425.29995333333335,1825.7389867708537,Wall,10,562,848,-3082.1636,-693.59429,0.1,Floor
13997,5,1,838,-8687.65876,-616.8228566666667,1849.459928205734,Wall,10,564,849,-3059.16203,-700.95879,0.1,Floor
13999,5,1,855,-8690.29102,-750.0198766666666,1678.0342849404637,Wall,10,564,852,-3055.64343,-725.811476666667,0.1,Floor
14001,5,1,868,-8690.183649999999,-858.8140966666667,1785.1734889146712,Wall,10,580,818,-2903.51102,-449.7470033333335,0.1,Floor
14003,5,0,874,-8702.87257,-909.3703733333334,1639.8303913645616,Wall,10,573,863,-2972.86219,-814.630716666667,0.1,Floor
14005,5,0,836,-8700.316429999999,-593.0933933333333,1991.2495032258673,Wall,10,575,864,-2952.47771,-822.3380166666669,0.1,Floor
14061,5,0,827,-8700.08007,-522.1360633333333,1834.1489908271435,Wall,10,589,928,-2813.62025,-1351.3589233333335,0.1,Floor
14063,5,0,853,-8702.39171,-734.5084566666666,2357.5029754631087,Wall,10,590,919,-2803.09271,-1272.835446666667,0.1,Floor
14071,5,1,924,-8686.159759999999,-1315.9730433333334,2980.8986732425083,Wall,10,597,935,-2727.34871,-1408.234946666667,0.1,Floor
14083,5,1,675,-8688.29049,718.0509833333335,1976.5952476184275,Wall,10,633,930,-2372.52216,-1364.3156033333335,0.1,Floor
14085,5,1,708,-8690.33148,451.43067666666695,1987.1702966494286,Wall,10,637,929,-2331.60252,-1354.115516666667,0.1,Floor
14087,5,1,733,-8692.77671,243.47329333333346,2025.8992390234541,Wall,10,642,918,-2279.79205,-1269.63647,0.1,Floor
14091,5,0,777,-8697.90221,-115.11757999999998,2040.8761930761048,Wall,10,658,915,-2115.83363,-1243.0872933333335,0.1,Floor
14093,5,1,817,-8691.277740000001,-440.5408,767.1185667967634,Wall,10,658,916,-2123.17271,-1250.5300833333336,0.1,Floor
14095,5,243,908,-6274.16228,-1182.6856266666666,0.1,Floor,10,661,906,-2090.39951,-1165.9276566666667,0.1,Floor
14097,5,235,923,-6347.70281,-1308.5716766666667,0.1,Floor,10,663,906,-2067.13637,-1173.4294666666667,0.1,Floor
14099,5,241,947,-6289.9439,-1501.8161333333333,0.1,Floor,10,666,907,-2043.68161,-1180.7988266666666,0.1,Floor
14100,5,240,947,-6301.04287,-1503.0244933333333,0.1,Floor,10,669,906,-2011.9992900000002,-1167.70668,0.1,Floor
14101,5,234,960,-6361.83717,-1612.9552666666668,0.1,Floor,10,672,904,-1980.31149,-1154.5567533333335,0.1,Floor
14102,5,233,960,-6372.7348,-1614.692356666667,0.1,Floor,10,676,905,-1938.62514,-1158.0054733333334,0.1,Floor
14103,5,224,966,-6463.73522,-1658.3155433333332,0.1,Floor,10,674,894,-1956.9284200000002,-1069.6319766666668,1.2733442815642775,OID12
16313,5,1836,484,9662.75757,2280.3559633333334,0.1,Floor,10,853,887,-174.86395999999968,-1013.2243766666668,4506.8466885186035,Ceiling
16315,5,1834,478,9644.871,2334.7937199999997,0.1,Floor,10,822,929,-477.37275000000045,-1357.7171733333334,4538.372739511038,Ceiling
16317,5,1843,419,9725.31299,2813.638476666667,36.423231424048026,Wall,10,871,904,9.990069999999832,-1152.03386,4513.145276061042,Ceiling
16319,5,1840,442,9696.50678,2625.985616666667,207.4093401308885,Wall,10,902,914,317.03349999999955,-1237.9642133333334,4533.901171213351,Ceiling
16321,5,1738,452,8678.10953,2546.60687,1360.6949458769473,DARKO,10,923,922,533.8942500000003,-1299.1093466666666,4537.066432419441,Ceiling
16327,5,1743,448,8732.35122,2575.595856666667,1321.5080646936312,DARKO,10,907,932,373.67463000000043,-1383.8626866666668,4531.484015085063,Ceiling
16329,5,1843,270,9734.851190000001,4030.3203633333333,541.9536158354808,Wall,10,905,933,350.3845600000004,-1387.7501466666668,4506.056808880176,Ceiling
16331,5,1843,269,9727.17864,4043.2111133333337,490.5465067016171,Wall,10,914,936,437.0046400000001,-1416.6501666666668,4552.8559717178305,Ceiling
16333,5,1844,267,9739.33532,4056.3260133333333,460.0594368287327,Wall,10,999,914,1289.7125299999998,-1235.9370133333334,4524.715504653539,Ceiling
16335,5,1842,263,9724.010559999999,4087.1324999999997,504.92528200727315,Wall,10,1008,917,1376.2541300000003,-1257.24395,4501.669379781647,Ceiling
16337,5,1841,259,9707.720819999999,4118.522956666667,495.6613422705843,Wall,10,995,918,1253.0618000000004,-1270.4383833333334,4546.97572001262,Ceiling
16341,5,1840,287,9703.64835,3893.0818333333336,731.4036487747032,Wall,10,991,927,1207.00245,-1338.6659766666667,4510.334055554,Ceiling
16343,5,1843,276,9725.85789,3985.109283333333,631.152586270493,Wall,10,989,927,1193.7656200000001,-1343.3457966666667,4506.41571283069,Ceiling
16345,5,1841,270,9710.69641,4028.2256233333337,698.2988760837331,Wall,10,986,928,1160.5492400000003,-1347.8140866666668,4519.69860765739,Ceiling
16347,5,1844,257,9743.80624,4137.44011,659.9358913685858,Wall,10,983,924,1127.0778200000004,-1318.6480133333334,4517.590498172025,Ceiling
16349,5,1843,266,9733.27546,4061.3377533333332,740.6093306768421,Wall,10,970,927,1004.02052,-1338.96859,4550.398289681081,Ceiling
16885,5,1453,543,5830.01639,1795.4959,156.35574939923617,OID5,10,1,664,-8692.04936,806.27468,2880.6844529640643,Wall
16889,5,1455,538,5851.29403,1842.6150466666663,360.6669022257147,OID5,10,0,692,-8700.23979,582.5293033333335,2750.8015826669,Wall
16891,5,1453,539,5828.1993,1835.1469366666665,383.093653241511,OID5,10,1,704,-8694.38527,479.64710333333346,2629.740112717609,Wall
16893,5,1441,543,5707.16598,1797.0378933333334,152.77362214223467,OID5,10,1,721,-8687.8612,342.9543000000001,2786.2892816636177,Wall
16903,5,1415,541,5445.34599,1816.0320666666667,0.1,Floor,10,219,919,-6511.67234,-1276.45788,4546.586467415353,Ceiling
16907,5,1437,541,5665.18252,1812.3526666666667,560.2875273138957,OID5,10,236,935,-6343.18089,-1402.7706666666668,4516.605775208086,Ceiling
16913,5,1409,528,5385.60074,1919.1678900000002,0.1,Floor,10,253,956,-6167.26983,-1575.96173,4518.859669544569,Ceiling
16915,5,1429,542,5593.92564,1810.4359466666665,498.9662357805121,OID5,10,262,961,-6082.52165,-1622.5697066666667,4507.827742403106,Ceiling
16917,5,1613,539,7432.91408,1835.5738366666665,0.1,Floor,10,262,968,-6077.10665,-1678.0972166666668,4519.561062825925,Ceiling
16949,5,1392,463,5224.51531,2453.40029,0.1,Floor,10,234,913,-6357.44212,-1224.7452133333334,4558.13387478516,Ceiling
16955,5,1375,474,5047.20174,2362.5888766666667,0.1,Floor,10,256,841,-6144.31971,-638.49071,4534.954710382117,Ceiling
16957,5,1373,464,5034.2438,2442.05678,0.1,Floor,10,256,830,-6137.51047,-545.3839933333334,4541.240488783447,Ceiling
16959,5,1374,486,5042.65796,2262.89868,0.1,Floor,10,257,818,-6131.17307,-452.2411166666666,4537.882923595171,Ceiling
16995,5,1333,719,4630.31331,359.9567666666667,578.2111507121733,Wall,10,132,617,-7384.56325,1192.29595,4197.078669582017,Wall
16997,5,1322,716,4519.89276,384.62042999999994,527.6910170300878,Wall,10,116,616,-7536.41791,1199.1341633333334,4263.863859855243,Wall
16999,5,1315,725,4449.3951,309.52884333333304,459.19335900095007,Wall,10,32,621,-8379.50735,1164.04628,4542.5924545826965,Ceiling
17001,5,1346,583,4758.64872,1475.696983333333,1115.713711194107,OID5,10,44,618,-8260.72835,1186.78037,4502.7369461347025,Ceiling
17003,5,1295,731,4247.39798,257.9666000000002,436.42318589611546,Wall,10,23,630,-8473.19065,1084.78989,4515.791554554418,Ceiling
17005,5,1280,725,4095.6334800000004,314.6455566666664,357.97912542924314,Wall,10,16,640,-8535.81838,1007.7221099999999,4533.062489771577,Ceiling
17007,5,1270,733,4003.77419,246.5055433333332,227.1023607603547,Wall,10,29,658,-8408.12116,855.4883600000001,4507.464163211191,Ceiling
17009,5,1332,584,4621.67732,1462.2604633333333,1187.407932732694,OID5,10,24,666,-8460.68339,794.716176666667,4524.7642126123565,Ceiling
17011,5,1324,592,4539.08493,1395.46652,1135.8926890905582,OID5,10,17,679,-8532.84138,684.8750433333335,4534.839279564433,Ceiling
17013,5,1322,593,4515.91162,1387.93806,1138.5504681077593,OID5,10,22,687,-8477.79391,623.63048,4533.827944742594,Ceiling
17015,5,1316,590,4462.09991,1414.5204733333333,1136.1767453576363,OID5,10,27,700,-8432.252779999999,512.935666666667,4512.296879775144,Ceiling
17017,5,1303,595,4328.26999,1375.39673,1061.1765477818717,OID5,10,20,712,-8497.54659,418.33213,4515.558580402737,Ceiling
17019,5,1300,596,4303.91721,1369.92731,1035.706750164179,OID5,10,4,719,-8661.94257,356.8168166666669,4515.3824063853735,Ceiling
17021,5,1288,599,4179.57026,1340.8412199999998,944.96578364294,OID5,10,0,730,-8698.6567,269.8332833333334,4499.427646521195,Wall
17023,5,1285,600,4154.99126,1337.00652,912.5220036497294,OID5,10,1,741,-8685.30985,182.6721500000001,4502.64348131633,Ceiling
17025,5,1281,597,4109.8794,1357.58327,938.9190849214692,OID5,10,0,748,-8702.99784,120.28409666666698,4496.044846589305,Wall
17027,5,1279,584,4086.69502,1463.8437433333331,941.5526530984444,OID5,10,1,777,-8688.45097,-117.32332666666662,4500.8554967891605,Ceiling
17029,5,1283,578,4125.86858,1514.4652266666667,1012.0360954012209,OID5,10,1,799,-8694.27397,-296.4790266666664,4471.378612085057,Wall
17031,5,1280,578,4101.76194,1511.9023466666663,982.9068840300488,OID5,10,0,811,-8701.08762,-392.73341333333315,4486.490869480022,Wall
17033,5,1283,568,4128.23502,1593.48772,1041.7092373515807,OID5,10,1,813,-8686.82932,-405.31753666666646,4405.522094613021,Wall
17043,5,1198,437,3281.7022500000003,2665.12952,0.1,Floor,10,1,798,-8689.955109999999,-282.9512400000001,4365.511483218941,Wall
17045,5,1218,465,3478.7144200000002,2441.16361,232.47688747010602,OID6,10,1,791,-8693.024519999999,-226.8850266666666,4338.647100330137,Wall
17047,5,1195,468,3245.5527,2409.4173966666667,0.1,Floor,10,1,775,-8686.07667,-95.41158333333328,4332.968770508376,Wall
17053,5,1261,531,3905.41227,1900.99941,0.1,Floor,10,0,734,-8702.04383,238.1344200000001,4272.468188887195,Wall
17055,5,1085,515,2154.78596,2032.1871500000002,0.1,Floor,10,1,715,-8694.054039999999,389.33320000000003,4230.3618961853645,Wall
17057,5,1046,530,1763.3833999999997,1903.9569166666665,0.1,Floor,10,1,699,-8686.041079999999,524.0701333333334,4186.0029133578255,Wall
17061,5,1068,513,1975.51703,2043.7344400000002,0.1,Floor,10,1,664,-8690.33244,810.9872066666669,4145.20650954452,Wall
17063,5,1075,502,2051.0341,2138.1048066666667,0.1,Floor,10,1,651,-8692.57155,912.943586666667,4116.559926916777,Wall
17065,5,1250,551,3796.20903,1732.231113333333,0.1,Floor,10,1,645,-8685.2123,965.162696666667,4089.19300681647,Wall
17073,5,1263,560,3932.81829,1658.3857733333332,405.0206083170399,OID5,10,30,632,-8399.30562,1074.764096666667,3908.6679820608724,Wall
17075,5,1256,557,3859.71817,1682.0581433333334,423.12239589969477,OID5,10,47,631,-8234.05967,1077.551286666667,3808.19264737822,Wall
17077,5,1254,558,3836.4439700000003,1680.139613333333,484.03804364857365,OID5,10,67,629,-8029.30322,1097.2301433333334,3697.2006968987307,Wall
17081,5,1270,564,3999.5490499999996,1624.3220833333332,954.9973417318068,OID5,10,76,628,-7940.2348600000005,1103.8967533333334,3578.192770232992,Wall
17083,5,1269,567,3986.26652,1603.6443966666666,969.396801334945,OID5,10,86,628,-7836.26633,1107.7615733333334,3532.413011273404,Wall
17085,5,1270,566,4003.19286,1607.6681400000002,1023.2201559618352,OID5,10,96,626,-7742.16831,1120.140546666667,3492.4466495742963,Wall
17087,5,1418,571,5480.3733,1569.6915666666664,0.1,Floor,10,57,625,-8128.145689999999,1124.615136666667,3602.1022836690677,Wall
17101,5,1219,572,3492.41559,1559.2026166666665,283.32010508774533,OID5,10,0,766,-8699.47543,-26.605316666666567,3780.1726390653066,Wall
17103,5,1221,576,3509.22771,1528.7855366666663,312.1502806428491,OID5,10,1,762,-8685.18632,10.766856666666854,3754.2194948820343,Wall
17105,5,1204,578,3335.98555,1514.6221833333332,118.38001116256078,OID5,10,1,766,-8689.76883,-27.853239999999914,3746.0329526193373,Wall
17109,5,1214,578,3439.58936,1510.4292266666666,334.3442667724089,OID5,10,1,780,-8685.38188,-142.10030666666648,3752.4930147548353,Wall
17111,5,1200,584,3296.46602,1461.8664800000001,123.16944352381665,OID5,10,1,784,-8687.628840000001,-175.39879999999994,3759.9998136777317,Wall
17113,5,1212,583,3423.1667,1471.6213066666664,335.80116065365746,OID5,10,1,796,-8689.49156,-268.53106666666645,3775.239092892929,Wall
17119,5,1196,591,3263.19452,1407.2941,172.8323510157527,OID5,10,1,820,-8686.00771,-462.35575333333327,3681.160666297771,Wall
17125,5,1189,594,3191.52505,1383.1725499999998,175.4669099952314,OID5,10,0,822,-8700.22449,-482.6710599999999,3680.980200193851,Wall
17127,5,1177,599,3067.19884,1341.1918166666665,0.1,Floor,10,1,800,-8688.391899999999,-301.35028666666653,3774.147388115574,Wall
17141,5,1354,592,4843.02104,1395.4078166666668,0.1,Floor,10,1,810,-8692.86771,-384.4393933333333,3734.4289254008513,Wall
17143,5,1355,587,4848.6106199999995,1442.3324866666667,0.1,Floor,10,1,810,-8687.56077,-387.54177333333337,3715.3690337155963,Wall
17145,5,1349,593,4794.25382,1390.2447766666664,0.1,Floor,10,1,814,-8692.4921,-415.81860333333316,3754.838959430682,Wall
17147,5,1347,593,4770.09061,1388.8606266666666,0.1,Floor,10,1,817,-8687.751049999999,-444.23228333333327,3691.778046555529,Wall
17149,5,1345,593,4746.31837,1387.9508166666665,0.1,Floor,10,1,821,-8692.89321,-472.58842333333337,3708.0486678864654,Wall
17656,5,455,1104,-4146.77026,-2785.7959733333337,0.1,Floor,10,441,992,-4294.40244,-1870.2698533333335,0.1,Floor
17662,5,465,1081,-4054.33267,-2600.5203533333333,0.1,Floor,10,427,1084,-4434.34547,-2626.03581,0.1,Floor
17666,5,441,1106,-4291.15214,-2807.7058633333336,0.1,Floor,10,356,1067,-5136.33379,-2483.07485,0.1,Floor
17668,5,446,1099,-4244.82264,-2744.041456666667,0.1,Floor,10,353,1071,-5165.46166,-2519.004553333333,0.1,Floor
17670,5,456,1110,-4137.44013,-2838.8416333333334,0.1,Floor,10,347,1062,-5226.25753,-2446.9241533333334,0.1,Floor
17674,5,415,1145,-4546.05001,-3127.225276666667,0.1,Floor,10,335,1064,-5353.51735,-2458.569726666667,0.1,Floor
17676,5,426,1144,-4440.4235,-3113.57804,0.1,Floor,10,340,1057,-5302.25141,-2401.7922433333333,0.1,Floor
17678,5,404,1257,-4655.36661,-4041.58932,0.1,Floor,10,342,1053,-5281.49363,-2369.9574000000002,0.1,Floor
17692,5,428,1104,-4423.12435,-2785.57272,0.1,Floor,10,368,1047,-5021.75021,-2326.29808,0.1,Floor
17694,5,446,1022,-4236.49584,-2120.7646,0.1,Floor,10,376,1052,-4942.65614,-2359.9963133333335,0.1,Floor
17696,5,418,1100,-4520.10716,-2756.56365,0.1,Floor,10,368,1047,-5023.66958,-2326.6643599999998,0.1,Floor
17698,5,416,1102,-4540.28974,-2768.93349,0.1,Floor,10,368,1047,-5023.38315,-2326.67047,0.1,Floor
17716,5,379,1083,-4914.99237,-2615.060996666667,0.1,Floor,10,484,805,-3856.3885499999997,-343.32367666666664,0.1,Floor
17718,5,389,1097,-4807.12292,-2727.720676666667,0.1,Floor,10,484,805,-3856.5889100000004,-343.5454066666666,0.1,Floor
17720,5,388,1084,-4819.631649999999,-2624.10327,0.1,Floor,10,473,800,-3966.30037,-302.02617,0.1,Floor
17722,5,391,1106,-4792.4671,-2803.941346666667,0.1,Floor,10,473,800,-3966.1213799999996,-301.99706000000003,0.1,Floor
17724,5,389,1108,-4813.70169,-2818.235446666667,0.1,Floor,10,474,807,-3955.0951699999996,-360.15438333333327,0.1,Floor
17726,5,373,1110,-4966.7508,-2840.51103,0.1,Floor,10,474,807,-3955.18149,-360.30659333333324,0.1,Floor
17728,5,371,1112,-4987.40553,-2856.00157,0.1,Floor,10,484,804,-3864.23604,-335.2584433333333,0.1,Floor
17730,5,375,1120,-4948.0499500000005,-2920.84552,0.1,Floor,10,485,812,-3853.3304200000002,-401.77324999999996,0.1,Floor
17732,5,367,1130,-5030.46101,-3001.9980766666667,0.1,Floor,10,485,812,-3854.4119,-402.02783,0.1,Floor
17734,5,365,1132,-5051.351360000001,-3017.354726666667,0.1,Floor,10,496,811,-3742.8765000000003,-393.80809666666664,0.1,Floor
17746,5,345,1179,-5254.61053,-3398.7931033333334,0.1,Floor,10,312,997,-5581.22617,-1911.9752933333334,0.1,Floor
17748,5,345,1194,-5247.08827,-3526.51604,0.1,Floor,10,302,997,-5681.77994,-1912.6472433333333,0.1,Floor
17750,5,348,1173,-5220.4571,-3353.173526666667,0.1,Floor,10,302,997,-5681.029,-1912.8733233333335,0.1,Floor
17780,5,318,953,-5519.39671,-1553.5310033333335,0.1,Floor,10,590,770,-2798.1368,-61.253990000000044,0.1,Floor
17782,5,310,967,-5601.93245,-1672.13746,0.1,Floor,10,560,777,-3098.28891,-111.31286999999998,0.1,Floor
17784,5,303,956,-5666.00229,-1581.4867433333334,0.1,Floor,10,570,775,-2998.87917,-94.88218333333327,0.1,Floor
17786,5,314,965,-5558.58706,-1648.83743,0.1,Floor,10,560,777,-3098.8165099999997,-111.60704999999996,0.1,Floor
17788,5,310,961,-5602.00008,-1615.5326766666667,0.1,Floor,10,570,775,-2998.8660200000004,-94.8302033333332,0.1,Floor
17790,5,309,965,-5606.88151,-1648.28375,0.1,Floor,10,629,763,-2410.0571499999996,-3.5014266666664753,0.1,Floor
17792,5,302,979,-5679.83921,-1765.0814666666668,0.1,Floor,10,598,759,-2719.4904399999996,29.90935666666678,0.1,Floor
17794,5,288,979,-5822.83978,-1764.4767266666668,0.1,Floor,10,626,744,-2440.3596,154.7500266666667,0.1,Floor
17796,5,268,1011,-6015.47994,-2030.5368533333335,0.1,Floor,10,628,753,-2420.69437,79.69531666666671,0.1,Floor
17798,5,276,1013,-5939.134959999999,-2046.69038,0.1,Floor,10,657,747,-2132.1218200000003,129.3584566666667,0.1,Floor
17804,5,257,1034,-6132.33769,-2214.942696666667,0.1,Floor,10,669,755,-2011.9798199999996,62.75750000000005,0.1,Floor
17824,5,345,948,-5250.00655,-1512.64678,0.1,Floor,10,680,756,-1902.8126200000006,60.56597999999997,0.1,Floor
17826,5,343,949,-5272.6031,-1522.55675,0.1,Floor,10,670,758,-2003.2350800000004,43.37068333333343,0.1,Floor
17828,5,402,964,-4684.96716,-1640.8920033333334,0.1,Floor,10,713,773,-1572.8866199999993,-81.32286666666653,0.1,Floor
17836,5,135,1072,-7352.6907,-2524.10073,0.1,Floor,10,432,998,-4381.62282,-1923.2595433333336,0.1,Floor
17838,5,377,1034,-4927.34141,-2217.7147133333337,0.1,Floor,10,430,1004,-4401.11539,-1972.9528633333334,0.1,Floor
17840,5,131,1117,-7389.8527699999995,-2895.9083,0.1,Floor,10,443,995,-4271.72372,-1898.4852633333335,0.1,Floor
17842,5,149,1114,-7212.61934,-2874.506366666667,0.1,Floor,10,451,1004,-4191.57447,-1973.4843533333335,0.1,Floor
17852,5,194,1344,-6756.5532299999995,-4751.742133333334,355.4139381522466,OID2,10,444,988,-4263.0347600000005,-1841.1168499999999,0.1,Floor
17854,5,144,1344,-7258.29703,-4754.98539,225.20505514977322,OID2,10,452,997,-4182.415940000001,-1916.04128,0.1,Floor
17856,5,190,1347,-6800.00437,-4774.573923333334,417.3454846286022,OID2,10,440,1008,-4303.534739999999,-1999.7702833333335,0.1,Floor
17866,5,35,1374,-8354.95768,-4996.8958600000005,188.4469701356884,OID1,10,380,1049,-4903.25561,-2342.98886,0.1,Floor
17868,5,1,1325,-8689.20201,-4598.509216666667,1454.8194072754104,Wall,10,371,1045,-4992.95571,-2309.900686666667,0.1,Floor
17872,5,1,1280,-8687.09148,-4232.463013333334,1359.7300831095922,Wall,10,382,1044,-4883.28153,-2301.6938433333335,0.1,Floor
17874,5,1,1263,-8690.66387,-4090.081493333334,1301.2405421959766,Wall,10,382,1044,-4882.456759999999,-2301.7260933333337,0.1,Floor
17876,5,0,1240,-8703.49153,-3905.2979566666672,1363.7917022634028,Wall,10,382,1044,-4883.53435,-2301.9162533333333,0.1,Floor
17898,5,336,895,-5344.32924,-1083.5396833333332,0.1,Floor,10,492,961,-3783.4030000000002,-1618.71556,0.1,Floor
17900,5,318,925,-5518.385,-1326.50107,0.1,Floor,10,492,961,-3783.8819399999993,-1618.89014,0.1,Floor
17902,5,312,964,-5582.23341,-1644.4558066666668,0.1,Floor,10,482,959,-3882.759,-1602.1971333333336,0.1,Floor
18682,5,505,1010,-3654.9083600000004,-2016.6789533333335,0.1,Floor,10,1264,1025,3937.59514,-2144.9626433333333,231.88912236740111,OID6
18684,5,507,1010,-3634.16157,-2022.5645033333335,0.1,Floor,10,1236,1023,3657.76651,-2129.448856666667,277.1604695895128,OID6
18688,5,503,1002,-3672.4105,-1956.9113133333335,0.1,Floor,10,1197,1024,3269.54795,-2132.139106666667,252.46632769002304,OID6
18690,5,497,994,-3731.3957899999996,-1885.9829033333335,0.1,Floor,10,1187,1025,3171.24881,-2142.0822399999997,289.93689321245347,OID6
18692,5,501,987,-3689.7284,-1831.56819,0.1,Floor,10,1168,1024,2982.6708399999998,-2135.034446666667,269.40549047001696,OID6
18694,5,504,982,-3656.9914200000003,-1793.3546933333332,0.1,Floor,10,1158,1025,2884.29023,-2144.47879,174.1915824989826,OID6
18698,5,520,979,-3500.9395000000004,-1764.97066,0.1,Floor,10,1156,1040,2859.1320800000003,-2263.843076666667,0.1,Floor
18700,5,568,962,-3016.73948,-1624.5803133333334,0.1,Floor,10,1140,1031,2701.97011,-2190.061506666667,0.1,Floor
18834,5,1056,766,1856.2189099999996,-24.48204666666652,239.54532737885893,OID8,10,1321,897,4509.3483,-1094.23271,0.1,Floor
18836,5,1037,809,1667.5393100000001,-378.28287,145.82558810048,OID8,10,1324,895,4542.48498,-1083.4122566666667,0.1,Floor
18838,5,1039,809,1687.9899100000002,-373.00746000000004,185.58570343090628,OID8,10,1342,914,4715.13758,-1238.77385,0.1,Floor
18840,5,1048,789,1778.23625,-209.16632666666646,181.2309801327474,OID8,10,1350,929,4797.68492,-1360.62849,0.1,Floor
18842,5,1054,767,1838.3256000000001,-28.91194666666661,44.38696344083132,OID8,10,1361,936,4909.8214100000005,-1415.4619333333335,0.1,Floor
18844,5,1048,777,1778.8624099999997,-115.21147333333329,50.82121059624774,OID8,10,1372,943,5021.60865,-1470.1768866666666,0.1,Floor
18846,5,1043,748,1729.5616200000004,123.6993,0.1,Floor,10,1358,920,4883.2851,-1283.1446133333334,0.1,Floor
18848,5,1024,745,1539.9292699999996,146.34801666666704,0.1,Floor,10,1353,904,4834.71015,-1154.4169933333335,0.1,Floor
18850,5,1018,756,1480.68746,61.191389999999956,0.1,Floor,10,1366,906,4956.28701,-1167.52677,0.1,Floor
18852,5,987,747,1170.9271500000004,127.08068333333358,0.1,Floor,10,1368,905,4978.13182,-1164.21806,0.1,Floor
18854,5,959,749,892.4567900000002,117.47118666666688,0.1,Floor,10,1370,905,5000.0433,-1160.86985,0.1,Floor
18856,5,951,751,812.4200499999997,101.00428666666699,0.1,Floor,10,1372,905,5022.03885,-1157.52531,0.1,Floor
18858,5,925,760,553.6798199999998,25.670913333333374,0.1,Floor,10,1374,904,5044.54704,-1154.36309,0.1,Floor
18864,5,888,784,176.98052999999982,-173.3076166666665,0.1,Floor,10,1381,903,5114.29816,-1144.84306,0.1,Floor
18866,5,883,798,128.61252999999988,-289.7573166666666,0.1,Floor,10,1374,896,5037.8276399999995,-1091.21182,0.1,Floor
18868,5,878,807,80.06219999999985,-356.2384966666666,0.1,Floor,10,1386,902,5162.05129,-1137.93062,0.1,Floor
18872,5,887,830,172.88193,-548.12934,0.1,Floor,10,1380,900,5099.67708,-1121.6582266666667,0.1,Floor
18878,5,951,866,812.1893799999998,-841.8439066666666,0.1,Floor,10,1366,901,4962.20524,-1126.5265533333336,0.1,Floor
18880,5,985,877,1145.7360899999999,-935.0702366666666,0.1,Floor,10,1348,900,4775.20815,-1122.7259433333334,0.1,Floor
18916,5,914,934,437.4546599999999,-1400.2085033333333,0.1,Floor,10,1250,947,3803.85588,-1502.4117133333334,208.93809179878053,OID6
18918,5,926,940,561.3667700000001,-1451.6390433333336,0.1,Floor,10,1240,948,3697.2475,-1513.184236666667,258.064801372848,OID6
18922,5,928,969,579.4596000000001,-1688.5297866666667,0.1,Floor,10,1100,860,2295.71353,-793.5765666666667,1225.124464895032,DARKO
18926,5,962,1064,920.2898799999998,-2458.9248633333336,0.1,Floor,10,1101,868,2306.2222899999997,-858.14651,1223.3288030716449,DARKO
18928,5,955,1024,846.3413,-2135.6195333333335,0.1,Floor,10,1102,870,2321.9599399999997,-878.0780966666667,1211.7679701709949,DARKO
18930,5,969,1086,992.1613600000001,-2644.8873366666667,0.1,Floor,10,1103,871,2327.96139,-881.5430666666667,1194.4066982654188,DARKO
18932,5,967,1072,968.4846600000001,-2530.64174,0.1,Floor,10,1104,874,2344.07474,-910.2264966666668,1165.2721176803134,DARKO
18936,5,933,1062,627.1552900000002,-2444.055026666667,0.1,Floor,10,1105,877,2345.66924,-934.2175833333336,1145.3715261079753,DARKO
18944,5,978,1132,1080.1711,-3016.4421,0.1,Floor,10,1303,895,4329.98635,-1079.4266966666667,0.1,Floor
18946,5,1004,1105,1344.9595599999998,-2794.6642533333334,0.1,Floor,10,1309,886,4386.4009399999995,-1007.6426366666667,0.1,Floor
18948,5,1016,1108,1458.9036999999998,-2823.1936566666673,0.1,Floor,10,1314,880,4441.90902,-960.3536666666668,0.1,Floor
18950,5,1016,1113,1463.08921,-2858.8281533333334,27.783184580498073,PID1,10,1327,878,4566.46228,-937.1256166666667,0.1,Floor
18952,5,1019,1112,1486.3151200000002,-2851.395863333333,83.2943239221936,PID1,10,1332,867,4620.32732,-854.3990033333334,0.1,Floor
18954,5,1021,1111,1509.3590600000002,-2844.5893433333335,134.45375579377878,PID1,10,1347,860,4773.71246,-795.77484,0.1,Floor
18956,5,1029,1097,1592.1510400000002,-2729.3272699999998,137.23037874985857,PID1,10,1360,858,4897.1648000000005,-778.2821033333333,0.1,Floor
18958,5,1031,1096,1614.89966,-2722.06254,171.066267137737,PID1,10,1364,851,4940.83191,-718.60623,0.1,Floor
18960,5,1032,1097,1617.49291,-2731.0262466666672,165.87094605257334,PID1,10,1378,846,5084.52026,-675.0424233333333,0.1,Floor
18962,5,1038,1088,1679.6099399999998,-2657.52356,159.8277528937856,PID1,10,1392,836,5218.1580300000005,-597.9332733333333,0.1,Floor
18964,5,1040,1087,1702.1406499999998,-2650.0249,114.00377139355442,PID1,10,1415,831,5451.8214100000005,-553.9661466666666,0.1,Floor
18968,5,1044,1111,1735.7201300000002,-2850.225116666667,127.63582135438787,PID1,10,1432,812,5618.93193,-399.3447766666667,0.1,Floor
18974,5,1058,1062,1879.9946,-2446.181766666667,128.5558329356047,PID1,10,1460,786,5900.6697,-191.96503666666666,0.1,Floor
18976,5,1064,1048,1941.2620499999998,-2334.171946666667,115.28883015814881,PID1,10,1473,774,6025.18797,-89.18085666666667,0.1,Floor
18982,5,1056,1107,1856.25587,-2816.9593633333334,0.1,Floor,10,1490,751,6200.12348,95.79928333333336,0.1,Floor
18984,5,1056,1112,1858.10257,-2855.0300333333334,0.1,Floor,10,1491,742,6206.11263,174.85538333333338,0.1,Floor
18986,5,1073,1048,2030.41428,-2327.301446666667,34.43955252938758,PID1,10,1504,736,6342.355100000001,220.82981,0.1,Floor
19073,5,1147,938,2773.9880000000003,-1430.7881933333335,611.590364143779,PID10,10,1464,798,5944.80661,-284.80647,0.1,Floor
19075,5,1150,924,2804.12855,-1316.85279,639.8655687287326,PID10,10,1477,792,6068.3678899999995,-240.43350333333333,0.1,Floor
19081,5,1180,883,3103.13181,-982.2116133333334,531.5916201066282,PID10,10,1515,774,6447.13576,-87.07100666666665,0.1,Floor
19089,5,1237,828,3673.0544099999997,-534.9463333333333,356.2727762175118,OID8,10,1481,705,6106.39923,471.37541,778.1415721482474,OID7
19091,5,1208,815,3383.40978,-421.95585000000005,396.30312386969945,OID8,10,1473,705,6028.59152,475.98834999999997,819.7440516363836,OID7
19093,5,1210,814,3403.37742,-416.96622,358.6233380417034,OID8,10,1485,704,6150.65819,480.67835,768.3943370402912,OID7
19095,5,1192,807,3223.60039,-362.13499,348.17695073538994,OID8,10,1498,702,6283.50548,501.93357666666674,706.0859049119426,OID7
19097,5,1203,798,3333.94063,-290.2605433333332,295.4468682048871,OID8,10,1499,700,6286.76811,515.29953,716.1942964132247,OID7
19099,5,1196,806,3255.0686,-351.7229,273.1774477828028,OID8,10,1522,700,6520.75273,511.39365666666674,615.6643367095589,OID7
19101,5,1198,805,3276.19699,-345.71894999999995,209.92386947492992,OID8,10,1493,699,6234.8782200000005,524.85172,646.9814843298445,OID7
19103,5,1200,804,3297.63251,-339.24014,123.93993044229501,OID8,10,1485,698,6148.60756,530.40237,633.0225402329866,OID7
19105,5,1223,810,3529.34227,-382.73008000000004,1.3696860051934436,OID8,10,1487,694,6172.72069,560.75092,600.3921765164293,OID7
19155,5,1248,904,3783.24866,-1157.1426066666668,502.39877692389587,PID10,10,1724,936,8540.080450000001,-1411.8468166666669,0.1,Floor
19173,5,1157,1021,2874.12396,-2106.8243833333336,0.1,Floor,10,1673,1006,8025.64229,-1984.8456466666669,0.1,Floor
19175,5,1143,1006,2726.2499900000003,-1988.7878533333335,0.1,Floor,10,1648,993,7783.86416,-1879.5021033333335,0.1,Floor
19177,5,1079,976,2088.43619,-1746.0197233333333,0.1,Floor,10,1650,991,7800.50247,-1864.940466666667,0.1,Floor
19179,5,1085,969,2151.67852,-1687.5523666666668,0.1,Floor,10,1655,988,7847.12833,-1841.801256666667,0.1,Floor
19181,5,1090,964,2204.34481,-1644.9150766666667,0.1,Floor,10,1677,994,8071.00472,-1892.524606666667,0.1,Floor
19183,5,1086,955,2156.92027,-1568.2969433333335,0.1,Floor,10,1423,834,5529.30556,-577.89174,1356.173687743565,DARKO
19185,5,1088,980,2180.0154899999998,-1774.0621133333334,0.1,Floor,10,1426,833,5561.03577,-576.58044,1375.6923241132868,DARKO
19197,5,1154,920,2839.95641,-1283.5255633333336,0.1,Floor,10,1842,923,9715.33959,-1304.88322,165.46594474502376,Wall
19199,5,1158,913,2882.32558,-1223.13428,0.1,Floor,10,1820,928,9496.2748,-1349.39496,0.1,Floor
19201,5,1171,912,3014.45876,-1220.63797,0.1,Floor,10,1802,880,9317.511999999999,-960.3673666666667,0.1,Floor
20910,5,1,585,-8686.29324,1453.94757,2306.79825067943,Wall,10,1,1501,-8686.65567,-6036.2678166666665,3940.9017878861655,Wall
20912,5,1,576,-8690.01118,1527.74739,2345.7433280888495,Wall,10,1,1503,-8693.58667,-6052.249616666667,3908.2438593100487,Wall
20918,5,838,589,-321.11867,1425.86861,1736.8759703750939,PID6,10,1,1587,-8692.89271,-6736.06935,3879.571950097514,Wall
20920,5,836,589,-344.6859,1426.00949,1911.1209527581132,PID6,10,0,1594,-8699.68994,-6794.812776666667,3897.179419528821,Wall
20922,5,833,589,-368.28872,1426.68825,1697.0429324622191,PID6,10,1,1612,-8686.12013,-6945.91247,3907.9237043530948,Wall
20924,5,831,588,-391.82636,1428.15282,1802.2547324084244,PID6,10,1,1614,-8692.94871,-6963.85716,3920.315160584636,Wall
20926,5,828,588,-415.40456,1430.13991,1697.6089709990688,PID6,10,1,1639,-8690.35361,-7164.469423333334,3906.6170606388387,Wall
20928,5,826,588,-438.92497,1431.94779,1715.1090553459128,PID6,10,1,1665,-8688.02171,-7373.5201799999995,3982.1242337209906,Wall
20930,5,824,588,-462.95346,1433.75024,1688.4551995288232,PID6,10,1,1654,-8694.77196,-7290.52311,3953.383917454783,Wall
20934,5,819,587,-510.98073,1438.18955,1758.5537340063188,PID6,10,1,1681,-8687.46919,-7505.696283333334,4020.3942987610953,Wall
20936,5,816,587,-535.28287,1440.65777,1772.953798980247,PID6,10,1,1682,-8692.21859,-7520.4246133333345,4087.9023527969093,Wall
20938,5,814,587,-558.95326,1442.71551,1829.7956619656802,PID6,10,1,1707,-8686.74438,-7717.019876666668,4150.593741431371,Wall
20940,5,812,586,-582.05471,1443.87284,1899.4314369097322,PID6,10,327,1555,-5431.9227900000005,-6478.824926666667,4532.526994950119,Ceiling
20958,5,697,743,-1726.11941,159.99898333333317,0.1,Floor,10,1,1692,-8686.88103,-7595.5813,3169.324887499757,Wall
20960,5,695,744,-1746.42292,157.11070333333328,0.1,Floor,10,138,1602,-7323.32326,-6862.434243333334,2897.6324021665623,OID1
20962,5,693,744,-1766.31549,154.02755333333334,0.1,Floor,10,1,1462,-8689.29012,-5720.870723333333,614.4035053317582,Wall
20964,5,685,754,-1845.90823,75.81748333333303,0.1,Floor,10,0,1697,-8695.65186,-7637.887616666668,4395.754948340862,Wall
20972,5,736,660,-1337.6862,845.9610066666665,1057.5397863634455,PID6,10,125,1519,-7453.68867,-6182.58141,5136.814846071529,Ceiling
20974,5,740,654,-1298.60483,891.9622666666666,1131.5385666509744,PID6,10,117,1499,-7531.8067200000005,-6017.40991,5195.850064559452,Ceiling
20976,5,734,651,-1360.53961,913.0542366666667,1126.5460401522919,PID6,10,112,1486,-7579.63161,-5910.478073333334,5233.150169432245,Ceiling
20978,5,739,645,-1312.2379799999999,966.7373299999999,1219.3629317838663,PID6,10,107,1477,-7627.8983100000005,-5836.97995,5244.476018488504,Ceiling
20980,5,759,610,-1114.2946,1253.8430866666667,1646.951896767823,OID12,10,197,1391,-6726.04761,-5138.340926666667,4503.081101551595,Ceiling
20982,5,757,611,-1126.3958,1240.5020433333332,1650.026298237115,OID12,10,191,1380,-6793.90566,-5047.923616666667,4520.335454600968,Ceiling
20984,5,755,613,-1148.64835,1227.52479,1642.0831587710593,OID12,10,194,1364,-6761.99884,-4915.80041,4520.831917351564,Ceiling
21012,5,136,912,-7341.96895,-1218.630156666667,1083.5240085077846,OID1,10,456,1315,-4135.68749,-4517.529143333333,4515.417535881517,Ceiling
21014,5,310,815,-5598.01303,-429.12634,1251.379532407992,PID7,10,444,1351,-4258.07817,-4811.539936666667,4501.170792868207,Ceiling
21016,5,138,879,-7323.94444,-946.1510166666669,1001.286065014163,OID1,10,433,1383,-4369.92793,-5073.350746666667,4505.674416987911,Ceiling
21018,5,135,875,-7348.78426,-913.8212433333335,977.3840726178826,OID1,10,431,1408,-4391.25929,-5276.740723333334,4511.893600651413,Ceiling
21020,5,137,860,-7334.10861,-796.9323866666671,864.375464797485,OID1,10,429,1429,-4412.61679,-5446.9607866666665,4541.405633349452,Ceiling
21022,5,143,856,-7268.09386,-764.5277433333335,824.7750880962981,OID1,10,435,1444,-4353.94017,-5567.42798,4506.241367881293,Ceiling
21024,5,199,813,-6712.57038,-412.7329533333334,848.1622163427041,OID2,10,430,1457,-4395.31973,-5679.73441,4538.176476858386,Ceiling
21026,5,280,742,-5896.54949,171.53342999999995,995.0791787253213,PID7,10,440,1457,-4296.62704,-5675.495763333334,4508.2147496985635,Ceiling
21028,5,267,739,-6030.59666,197.74160000000006,923.7587102441508,PID7,10,441,1463,-4288.07268,-5721.450146666667,4501.56867228543,Ceiling
21030,5,196,757,-6744.6691200000005,49.18706999999995,755.7720845873112,OID2,10,445,1469,-4249.47161,-5775.920073333335,4527.092047762611,Ceiling
21032,5,202,750,-6678.35904,108.95648333333315,812.0172048294619,OID2,10,446,1474,-4241.24888,-5814.2677533333335,4518.740982751965,Ceiling
21034,5,199,747,-6712.5541,127.80072999999993,794.142774967439,OID2,10,1,1688,-8693.06447,-7569.401620000001,4262.993950548504,Wall
21036,5,197,749,-6726.50327,112.19219333333331,782.5871441262061,OID2,10,1,1698,-8694.96563,-7649.722786666667,4247.389570467228,Wall
21038,5,202,738,-6681.5287,207.9045799999999,771.5103075389468,OID2,10,0,1705,-8696.9353,-7705.340933333334,4207.088099201928,Wall
21040,5,200,738,-6695.72873,201.4064066666665,748.7705673762866,OID2,10,0,1728,-8698.943,-7894.561453333334,4167.3526378602355,Wall
21042,5,196,730,-6740.4782,272.6377533333332,796.8774635625305,OID2,10,1,1743,-8690.96683,-8017.270136666668,4117.815040845707,Wall
21044,5,22,743,-8483.99085,167.4618599999999,103.2696594688448,OID1,10,1,1753,-8692.58209,-8098.652093333334,4100.336542441839,Wall
21054,5,190,723,-6804.80121,330.30884666666657,540.9678017351089,OID2,10,902,1092,321.91159,-2693.28709,3253.348834445741,PID1
21066,5,541,716,-3291.49642,388.15705,0.1,Floor,10,894,1104,243.87002,-2789.65862,1856.6151245945775,PID1
21068,5,542,705,-3284.78578,472.21986333333325,0.1,Floor,10,94,1763,-7759.2277,-8177.2498,186.67656761621402,OID1
21074,5,438,750,-4323.34829,102.62579666666647,0.1,Floor,10,137,1778,-7326.99347,-8299.046966666669,1609.0854612247506,OID1
21076,5,457,726,-4125.897730000001,300.0184666666664,0.1,Floor,10,137,1782,-7329.99315,-8332.176056666667,1480.7869497150039,OID1
21082,5,575,731,-2952.1677,264.4619166666664,0.1,Floor,10,109,1779,-7605.14735,-8306.706506666667,2661.6624903857655,OID1
21084,5,413,778,-4574.0073,-122.84246666666695,0.1,Floor,10,103,1777,-7666.24611,-8289.776816666668,2569.983583672948,OID1
21086,5,504,756,-3655.91311,56.30489666666654,0.1,Floor,10,28,1779,-8417.16964,-8306.13873,2719.3594325209906,OID1
21088,5,473,764,-3967.72324,-6.305196666666916,0.1,Floor,10,1,1786,-8688.07689,-8364.05109,2795.36442047809,Wall
21090,5,443,771,-4269.38872,-69.0157999999999,0.1,Floor,10,1,1752,-8689.04619,-8088.498806666668,2793.403986392455,Wall
21092,5,389,768,-4811.18578,-40.42393666666703,399.9355626633476,PID7,10,1,1718,-8690.2002,-7812.863063333334,2755.6749716825952,Wall
21098,5,397,756,-4728.00887,60.16390999999999,676.0382683837038,PID7,10,1,1463,-8694.62679,-5727.42216,4343.62228273781,Wall
21100,5,405,755,-4650.5013500000005,62.090883333333295,538.9967325628725,PID7,10,1,1441,-8686.67034,-5543.0338433333345,4461.139826113985,Wall
21114,5,491,734,-3790.39706,238.14211666666642,0.1,Floor,10,0,1352,-8697.21185,-4817.109513333333,4281.508926372397,Wall
21116,5,538,718,-3323.67763,370.25630333333334,0.1,Floor,10,1,1344,-8691.29681,-4748.557873333333,4261.256392425293,Wall
21118,5,541,722,-3287.42401,335.91497333333336,0.1,Floor,10,1,1336,-8685.62802,-4688.073256666667,4215.562533759494,Wall
21120,5,545,726,-3251.37565,301.6098733333333,0.1,Floor,10,0,1322,-8700.16672,-4568.782556666667,4157.004531477679,Wall
21122,5,567,713,-3025.34473,408.9202499999999,0.1,Floor,10,1,1322,-8685.17701,-4574.504746666667,4131.495286368352,Wall
21124,5,546,717,-3239.05052,374.1767400000001,0.1,Floor,10,1,1314,-8690.84659,-4505.1872766666675,4086.7061143792125,Wall
21126,5,497,729,-3732.60118,280.6306866666664,0.1,Floor,10,0,1308,-8697.31235,-4460.680376666667,3928.8157450577437,Wall
21128,5,491,725,-3786.2602,312.2926533333332,0.1,Floor,10,130,1186,-7404.49394,-3457.7754733333336,661.5721360630648,OID3
21136,5,489,707,-3810.50726,456.57378333333327,0.1,Floor,10,137,1178,-7325.85588,-3396.37121,255.86049194008342,OID3
21138,5,323,748,-5474.115519999999,118.63076000000001,0.1,Floor,10,136,1179,-7337.70896,-3402.52506,243.8053687237109,OID3
21140,5,359,749,-5107.8979,115.06468999999993,0.1,Floor,10,135,1180,-7348.86814,-3409.26618,238.36706962175344,OID3
21142,5,427,732,-4431.664409999999,253.95673666666653,0.1,Floor,10,134,1194,-7359.78889,-3524.9298333333336,230.5722654338697,OID3
21144,5,366,747,-5044.98402,126.77396666666641,0.1,Floor,10,132,1194,-7380.69562,-3524.27097,215.8764102751261,OID3
21146,5,360,762,-5097.90938,8.114759999999933,0.1,Floor,10,742,1157,-1281.664,-3223.9315866666666,1910.0883749611962,OID9
21148,5,399,763,-4710.47618,-1.9693733333335786,0.1,Floor,10,1,1336,-8692.79091,-4690.59353,3272.0659856117004,Wall
21150,5,501,734,-3693.11183,238.34910333333323,0.1,Floor,10,1,1356,-8694.04751,-4849.05437,3402.51296630286,Wall
21186,5,391,724,-4792.13619,315.4637600000001,0.1,Floor,10,314,1124,-5555.53518,-2954.8283766666664,2582.34069179559,Wall
22403,5,895,911,251.2137499999999,-1209.9482466666668,0.1,Floor,10,1,113,-8689.63077,5316.885406666667,3009.2232611023646,Wall
22405,5,896,921,262.69588999999996,-1290.04773,0.1,Floor,10,1,111,-8694.50282,5331.501446666667,3037.4389801182415,Wall
22407,5,872,951,24.469250000000102,-1536.80814,0.1,Floor,10,0,116,-8698.43814,5287.777863333334,3051.4327333622855,Wall
22429,5,839,962,-314.5110300000001,-1624.0867966666667,0.1,Floor,10,30,36,-8404.20823,5945.24158,2901.3668255228476,Wall
22431,5,841,961,-291.63805,-1619.3654866666666,0.1,Floor,10,89,33,-7806.821669999999,5971.975156666667,2758.023714723673,Wall
22433,5,836,955,-339.16674999999987,-1572.54194,0.1,Floor,10,50,28,-8201.19195,6009.867273333334,2843.5483374261025,Wall
22435,5,836,961,-336.17612999999983,-1617.7856000000002,0.1,Floor,10,61,24,-8085.521650000001,6042.83078,2834.5973652625157,Wall
22437,5,848,928,-223.50210000000015,-1346.6387233333335,0.1,Floor,10,65,20,-8049.32323,6075.917246666667,2811.2842368748243,Wall
22461,5,879,1047,93.41346000000021,-2320.851016666667,0.1,Floor,10,20,-30,-8497.99129,6489.5015,3517.4678926506067,Wall
22465,5,859,1022,-110.73244000000022,-2116.2552633333335,0.1,Floor,10,0,-11,-8698.97712,6326.502423333334,3511.620401505198,Wall
22467,5,881,1036,112.72778000000017,-2235.78055,0.1,Floor,10,1,-12,-8686.95867,6340.489643333334,3556.792914372146,Wall
22487,5,873,994,30.976920000000064,-1888.15896,0.1,Floor,10,23,173,-8468.7145,4821.501723333334,4538.884263102731,Ceiling
22489,5,878,989,75.4073800000001,-1845.70109,0.1,Floor,10,26,165,-8440.059079999999,4891.285126666667,4503.5238116870805,Ceiling
22491,5,938,994,680.2041300000001,-1886.4844033333334,0.1,Floor,10,7,171,-8628.83246,4842.381743333334,4541.312832708884,Ceiling
22493,5,919,991,494.1337199999998,-1867.2950333333333,0.1,Floor,10,1,180,-8688.08767,4768.4384,4528.634876279068,Ceiling
22495,5,923,969,526.6051200000002,-1687.25235,0.1,Floor,10,1,198,-8687.775450000001,4619.497886666667,4489.899295005017,Wall
22497,5,883,967,130.67329999999993,-1665.04083,0.1,Floor,10,1,214,-8687.85405,4487.2167,4477.029224959363,Wall
22499,5,915,962,446.59049000000005,-1626.0416633333334,0.1,Floor,10,1,208,-8689.56667,4537.236256666667,4493.8275138327235,Wall
22501,5,976,961,1060.89183,-1618.13357,0.1,Floor,10,0,241,-8698.73183,4272.2573766666665,4426.335548237988,Wall
22503,5,993,954,1234.8371900000002,-1559.8329966666668,0.1,Floor,10,0,237,-8701.05452,4304.975016666667,4470.398567842097,Wall
22507,5,1041,944,1710.21173,-1481.4874366666668,0.1,Floor,10,0,271,-8702.22561,4023.040266666667,4425.651934093321,Wall
22509,5,1045,931,1752.6216100000001,-1370.7600933333333,0.1,Floor,10,1,258,-8694.70976,4128.597536666667,4472.445356407638,Wall
22511,5,1049,924,1785.1202400000002,-1318.0496133333334,0.1,Floor,10,1,208,-8691.21313,4541.17737,4473.368170910959,Wall
22513,5,1061,919,1906.8170300000002,-1272.7839566666667,0.1,Floor,10,1,220,-8692.33564,4439.966766666666,4436.052396576375,Wall
22561,5,984,901,1136.83266,-1127.56378,0.1,Floor,10,0,353,-8704.52951,3352.5369499999997,3512.2667166503797,Wall
22573,5,1016,909,1463.18165,-1193.3970433333334,0.1,Floor,10,1,345,-8686.699690000001,3417.9460933333335,3610.5512729892416,Wall
22583,5,1002,839,1322.52764,-623.79334,0.1,Floor,10,66,445,-8035.07518,2598.5642,4501.227707228926,Ceiling
22589,5,1009,846,1391.23585,-678.7540333333334,0.1,Floor,10,46,467,-8244.59866,2422.6250333333332,4571.022885542865,Ceiling
22595,5,1022,766,1522.50379,-28.622203333333232,1110.0363031116767,DARKO,10,49,504,-8211.81105,2119.04122,4524.435085582847,Ceiling
22747,5,1394,990,5242.0504,-1856.3046199999999,0.1,Floor,10,189,795,-6806.61098,-261.4029433333335,2404.395808112139,Wall
22749,5,1436,1027,5656.98229,-2163.1314933333333,0.1,Floor,10,203,792,-6674.33189,-239.97830666666687,2322.052721010392,Wall
22751,5,1456,1034,5860.70592,-2219.554896666667,0.1,Floor,10,222,790,-6482.26188,-217.78595999999993,2279.098775374584,Wall
22753,5,1483,1056,6133.48792,-2392.494356666667,0.1,Floor,10,232,784,-6381.37803,-168.92195333333348,2165.4298666896234,Wall
22793,5,1343,976,4730.01482,-1743.73566,0.1,Floor,10,287,753,-5834.60355,83.54680666666673,2111.417337498807,Wall
22795,5,1274,982,4036.87377,-1793.7275633333334,218.5087788070623,OID6,10,295,751,-5754.54092,94.11002666666673,2074.253065276325,Wall
22801,5,1262,976,3921.12179,-1741.4312300000001,435.22011493978175,OID6,10,322,744,-5484.06577,152.1971866666663,1959.7229103836366,Wall
22803,5,1252,975,3815.96021,-1736.73583,485.92292508065725,OID6,10,330,741,-5404.69653,180.135393333333,1921.282571142199,Wall
22805,5,1242,977,3720.62291,-1750.128926666667,536.0371945000136,OID6,10,339,738,-5305.09061,207.64458000000013,1879.3025658709616,Wall
22813,5,1364,1116,4942.57062,-2883.357863333334,589.8316177826698,PID7,10,378,713,-4919.59861,412.25341666666645,1778.7884340941932,Wall
22865,5,1299,1119,4292.15279,-2912.8678333333337,183.3669651546686,PID7,10,369,693,-5012.72197,568.9357266666666,1786.902533965567,Wall
22895,5,1588,811,7175.5248599999995,-395.4521433333333,0.1,Floor,10,317,698,-5526.28143,532.4197966666666,1246.4027758901739,Wall
22897,5,1569,800,6985.524719999999,-304.39069,0.1,Floor,10,313,698,-5574.21002,529.6167366666664,1238.7216335704848,Wall
22901,5,1490,805,6196.04266,-346.40084333333334,0.1,Floor,10,311,700,-5589.69751,516.6687533333329,1274.7990416920507,Wall
22903,5,1481,796,6106.122649999999,-270.6491766666667,0.1,Floor,10,306,701,-5637.0368,506.6799000000001,1279.2192769716735,Wall
22905,5,1474,787,6036.24669,-194.30702,0.1,Floor,10,306,701,-5644.2604,505.4885300000001,1280.026509132224,Wall
22907,5,1466,786,5956.36773,-184.15463,0.1,Floor,10,301,701,-5691.54879,504.84747000000016,1273.3174355054189,Wall
22909,5,1467,770,5966.56201,-56.739643333333305,0.1,Floor,10,298,692,-5718.18888,579.4194600000001,1283.6006242924818,Wall
22911,5,1469,761,5987.95623,12.898300000000006,0.1,Floor,10,300,701,-5703.89661,504.0471600000001,1249.1376240564334,Wall
22929,5,1521,790,6508.390649999999,-221.0270266666667,0.1,Floor,10,325,690,-5446.01863,599.7392500000001,1359.4740464508577,Wall
22931,5,1523,789,6530.33514,-212.6415266666667,0.1,Floor,10,325,689,-5447.84129,604.5376500000002,1376.4604170446062,Wall
22935,5,1537,777,6671.0436,-114.51406333333334,0.1,Floor,10,320,690,-5500.28538,597.873243333333,1385.1086792584208,Wall
22937,5,1539,776,6690.6747,-107.74455333333334,0.1,Floor,10,317,690,-5531.18422,594.7746699999998,1383.1937847431404,Wall
22939,5,1541,765,6710.16116,-18.03133,0.1,Floor,10,317,690,-5532.02173,600.3503799999999,1367.543813690153,Wall
22941,5,1533,764,6629.538640000001,-12.12915,0.1,Floor,10,310,681,-5602.96101,672.7302766666667,1396.0354038134012,Wall
22959,5,1509,742,6393.21538,170.18994666666669,0.1,Floor,10,282,676,-5877.18573,714.938963333333,1216.7922261904237,Wall
22961,5,1511,733,6413.66961,248.4974466666667,0.1,Floor,10,282,675,-5876.47316,719.4967033333332,1167.9711172942752,Wall
22963,5,1503,732,6334.47469,251.49648666666667,0.1,Floor,10,282,673,-5875.89545,732.1272966666666,1146.9345159300449,Wall
22965,5,1294,833,4235.71561,-571.0741633333333,0.1,Floor,10,285,672,-5845.37232,744.5845399999998,1116.2702380773153,Wall
22967,5,1498,750,6277.19421,105.86089666666666,0.1,Floor,10,286,670,-5844.60444,756.640813333333,1096.9305609918752,Wall
22969,5,1479,734,6089.0100999999995,240.7807,0.1,Floor,10,289,671,-5813.77238,751.94344,1079.3045686633482,Wall
22973,5,1462,727,5923.7689,294.54753,0.1,Floor,10,300,666,-5701.90335,791.909193333333,1084.8234571406167,Wall
22975,5,1464,727,5936.09215,296.53335,0.1,Floor,10,304,665,-5661.06804,803.1903066666664,1100.8458850998295,Wall
22977,5,1465,718,5948.02159,365.07587666666666,0.1,Floor,10,307,664,-5629.87074,805.8730266666666,1117.710149985016,Wall
22979,5,1467,718,5969.495129999999,367.1209866666667,0.1,Floor,10,311,661,-5588.49511,833.2883766666664,1120.9844826620051,Wall
22981,5,1459,719,5890.201010000001,361.0523433333334,0.1,Floor,10,315,660,-5546.82391,843.8022900000001,1121.9165881576541,Wall
22983,5,1461,719,5910.61796,363.86103333333335,0.1,Floor,10,315,660,-5545.42652,846.0603000000001,1116.0242045497328,Wall
23735,5,1868,367,9977.1287,3237.4704966666663,1844.7163137130174,Wall,10,265,657,-6049.62727,864.5695166666665,1690.467599236548,Wall
23737,5,2903,478,20327.680630000003,2333.291783333333,3122.854310484925,Wall,10,270,663,-6002.56468,818.3894799999998,1791.1662509437442,Wall
